ID,EDAD,GENERO,CICLO,PROMEDIO_DE_NOTAS,DESAPROBO,INTERES,CONECTIVIDAD,ENFERMEDAD,FAMILIAR_ENFERMO,SOSTEN_FAMILIAR,GESTACION,INGRESO_FAMILIAR,DESERCION
47,45,1,6,16.8,0,4,2,0,0,1,0,1200,0
174,45,1,7,19,0,4,2,0,1,0,1,1500,1
626,45,0,7,12,1,3,1,1,1,1,0,1500,1
784,45,0,8,17.2,0,4,1,0,1,1,0,2200,1
813,45,1,8,16.5,0,4,2,1,1,1,1,1800,0
893,45,1,7,14.1,0,4,1,0,1,1,0,1200,0
1011,45,1,2,15.5,0,4,1,0,1,0,1,1500,0
280,44,1,7,16.9,0,4,1,0,1,1,0,2000,0
446,44,1,7,15.9,0,5,1,0,1,1,0,1400,1
465,44,0,8,14.3,0,4,2,0,1,0,1,1500,1
703,44,1,5,16.8,0,4,2,0,0,1,1,1800,0
712,44,1,9,14.1,0,4,1,1,1,0,1,1200,1
839,44,0,7,17.6,0,4,1,1,0,1,1,1500,0
936,44,1,5,12.6,1,3,1,0,0,1,1,1800,0
1083,44,0,4,18.4,0,3,1,0,1,0,1,1500,0
1103,44,1,7,15.9,0,5,1,1,1,1,1,1500,0
1225,44,0,3,15,0,4,2,1,0,0,0,1500,1
1259,44,1,10,17.1,0,3,1,1,0,0,0,1600,1
1340,44,0,9,16.1,0,5,2,0,1,0,1,1200,1
1386,44,1,4,17.3,0,3,1,0,1,0,1,1400,1
331,43,0,9,17.2,0,5,2,0,1,1,1,1600,0
366,43,1,9,13.2,1,2,2,1,0,0,0,1500,0
574,43,0,6,12.2,1,2,3,1,0,1,1,1800,1
581,43,1,8,12.5,0,2,3,0,1,0,0,1300,0
689,43,0,10,16.7,0,5,2,0,1,0,1,1300,1
743,43,1,6,16.9,0,5,1,1,1,1,0,1500,1
912,43,0,10,16.1,0,4,1,0,0,0,1,1700,0
1364,43,0,2,13.6,1,2,1,1,0,1,1,1800,0
1428,43,0,9,13.1,1,3,2,0,1,0,0,1700,0
22,42,1,7,12.5,1,2,2,0,1,1,0,1800,0
172,42,1,10,14.1,0,3,1,0,0,0,1,1900,0
192,42,0,3,15.5,0,5,1,1,0,1,1,2100,1
274,42,0,9,14.8,0,5,1,0,1,0,0,1800,1
348,42,0,6,12.7,1,2,2,0,0,0,0,1500,0
351,42,1,3,12.6,1,2,2,0,0,0,1,1900,0
448,42,0,7,12.6,1,1,2,1,1,1,1,1900,1
549,42,0,7,12.2,1,2,2,1,1,1,1,1400,1
616,42,1,6,15,0,5,2,1,0,0,1,1200,1
694,42,0,8,17.7,0,4,2,0,0,1,1,2100,0
917,42,1,2,17.6,0,4,2,0,1,1,1,1900,0
1013,42,1,8,14.6,0,5,1,1,0,0,1,1500,0
1047,42,1,3,14.5,0,4,2,1,0,1,0,1400,0
1111,42,0,5,15.4,0,4,1,0,1,1,0,1500,0
1314,42,1,2,12,0,3,2,0,1,1,1,1400,0
1390,42,1,5,17.6,0,4,1,0,1,1,0,1400,0
1447,42,0,3,16.8,0,3,1,0,1,1,0,2100,0
1448,42,0,9,16.3,0,4,1,0,0,1,1,1600,0
1489,42,0,8,15.9,0,3,1,1,1,0,1,1900,1
175,41,1,8,18.7,0,4,1,1,0,0,1,1300,0
429,41,0,3,16.9,0,4,2,0,1,0,0,1600,0
667,41,0,8,14.9,0,4,1,1,0,0,1,1800,0
859,41,0,9,14.6,0,3,1,1,0,0,0,1200,1
1009,41,0,8,16,0,3,2,1,0,0,1,1900,0
1280,41,1,3,15,0,3,1,1,1,1,1,2200,0
185,40,1,4,17.6,0,4,2,1,1,0,1,1900,1
503,40,0,9,17.6,1,3,1,0,1,0,0,1800,1
520,40,1,5,16,0,5,1,0,1,0,1,2000,1
523,40,0,8,14.2,0,5,1,1,1,0,1,1400,1
878,40,0,3,16.2,0,4,1,1,0,0,0,1700,1
1060,40,0,6,18.7,0,4,1,1,0,1,1,1200,1
1362,40,0,6,14.2,0,4,1,0,0,0,0,2000,0
101,39,1,2,16.6,0,3,2,1,0,1,0,2100,0
365,39,1,9,15.3,0,5,2,1,0,0,0,1600,0
646,39,1,2,14.9,0,3,2,1,1,0,0,1600,1
650,39,1,8,17,0,5,1,1,1,1,1,1800,1
693,39,1,8,15.6,0,4,2,1,1,0,1,1600,1
940,39,0,9,14.7,0,4,1,0,1,0,1,1300,0
1066,39,1,2,14.2,0,4,2,0,0,1,1,1900,0
1255,39,0,2,16.6,0,4,1,0,0,1,0,1700,0
1343,39,0,10,12.1,1,2,2,0,1,1,0,1500,0
100,38,0,8,13.2,1,2,1,1,1,1,0,1600,1
249,38,1,5,18.2,0,5,1,0,1,0,1,2000,0
307,38,0,5,13.9,1,2,1,1,0,0,1,1700,0
428,38,1,3,14.3,0,4,1,0,0,0,0,1700,0
525,38,0,10,17.8,0,4,1,1,1,1,0,1400,1
687,38,0,6,15.4,0,5,1,1,1,0,0,1900,0
692,38,0,10,17.1,0,3,1,0,1,1,1,1200,0
900,38,0,9,16.9,0,5,1,0,0,1,0,2100,0
923,38,1,3,12.6,0,3,1,0,1,0,1,1800,1
978,38,1,10,15.5,0,4,2,1,0,1,1,1300,0
1371,38,0,5,12.4,1,1,2,1,1,1,1,1900,1
364,37,0,9,17.4,0,5,1,1,0,1,0,1500,0
404,37,0,8,13.6,1,4,1,1,0,0,1,1400,0
487,37,0,7,12.3,1,3,3,0,0,0,0,1700,0
759,37,0,6,16.1,0,4,2,1,0,1,1,1500,0
780,37,0,10,13.9,1,1,3,0,1,1,0,2200,0
1014,37,1,5,16.8,0,3,2,0,1,1,1,1300,0
1042,37,0,8,13.6,1,3,2,1,0,0,0,1400,0
1174,37,0,9,17.9,0,4,2,1,1,1,1,1900,1
1213,37,0,10,18.9,0,5,2,1,0,1,1,1300,0
1333,37,1,4,14.8,0,4,1,0,1,0,0,1600,1
1486,37,1,8,16.4,0,5,1,0,1,1,0,1300,1
1488,37,0,10,17.3,1,5,1,1,0,0,1,1400,1
1499,37,0,9,15.1,0,4,2,0,1,1,1,2000,1
21,36,0,7,18.9,0,4,1,0,0,0,0,1200,0
93,36,0,2,13,0,3,1,1,0,0,0,1900,0
255,36,1,6,17.6,0,4,2,1,1,0,0,1900,1
397,36,1,4,12.9,0,2,2,0,0,1,1,2000,0
522,36,1,8,16,0,3,1,1,0,0,0,1500,1
621,36,1,6,17,0,5,2,0,1,0,0,1400,0
649,36,1,5,18.4,0,4,1,1,1,0,1,1800,0
732,36,0,7,17.4,0,5,1,0,1,0,0,1200,0
817,36,0,5,13,1,2,3,0,1,0,1,1400,0
823,36,0,8,16.3,0,5,1,1,0,1,0,1600,1
831,36,0,5,13.4,1,1,2,0,0,0,0,1800,0
854,36,0,8,12.5,1,2,2,1,0,1,0,1900,1
897,36,0,8,17.4,0,3,2,0,1,0,1,1700,1
966,36,0,8,16.8,0,3,1,1,0,0,1,2000,1
1084,36,1,2,17.5,0,3,1,0,0,1,0,1900,1
1238,36,1,9,18.2,0,4,2,0,0,1,1,1800,0
1395,36,1,5,14.1,0,3,1,1,1,1,1,2200,0
1399,36,1,6,12.3,1,1,2,1,1,0,1,1500,1
29,35,1,10,16.4,0,3,1,1,0,0,0,1300,0
80,35,1,5,15.3,0,4,2,0,0,0,0,1900,0
145,35,1,6,16.8,0,4,1,1,1,1,1,2100,1
278,35,1,5,18.8,0,3,1,0,0,1,0,1900,1
489,35,0,5,14.4,0,4,1,1,1,1,1,2100,0
555,35,1,5,16.6,0,5,2,1,1,1,0,1400,0
605,35,0,3,17.3,0,4,1,1,0,0,1,1300,0
983,35,1,7,14.1,0,5,1,0,1,0,0,1200,1
1193,35,1,8,13.8,1,2,3,0,0,1,1,1600,0
1346,35,1,8,17.9,0,4,1,0,1,0,0,1800,0
33,34,0,5,12.4,1,2,2,0,0,0,0,1800,0
91,34,0,6,13.3,0,2,3,0,0,0,1,1500,0
295,34,1,7,12,1,2,1,0,0,1,0,1600,1
610,34,1,10,17.1,0,4,1,1,1,1,0,1300,1
720,34,0,4,15.6,0,3,1,0,0,1,0,1600,0
825,34,0,8,18.8,0,5,1,0,1,0,0,1400,0
929,34,0,2,13.4,1,2,1,1,1,1,0,2000,1
1037,34,0,2,18.8,0,5,1,0,0,0,0,1400,0
1041,34,1,8,14,0,5,1,1,1,0,1,2000,1
1291,34,1,6,17.8,0,4,1,1,0,0,0,1900,0
1301,34,1,4,12.8,1,3,1,0,0,0,1,1800,0
1419,34,1,6,17.2,0,4,2,0,1,1,1,1200,1
1495,34,0,2,17.4,0,3,1,1,0,0,1,1200,0
17,33,0,4,18.4,0,3,2,1,1,1,1,1800,1
150,33,0,8,15.8,0,4,2,1,1,1,1,1600,1
200,33,0,10,14.2,1,4,1,1,0,0,0,1200,1
477,33,0,4,12.5,1,3,1,1,1,0,1,1900,1
614,33,1,5,15.7,0,4,1,1,0,0,0,1900,0
659,33,0,9,12.7,1,2,2,1,0,0,1,1300,0
873,33,0,9,13.9,1,2,1,1,0,0,1,1900,0
951,33,0,4,15.2,0,3,1,0,0,0,0,1200,0
996,33,0,4,15.6,0,5,2,1,0,1,1,2000,1
1229,33,1,4,18.5,0,4,1,1,0,0,0,2000,0
1257,33,1,9,17,0,5,1,0,0,0,1,1700,0
1278,33,0,5,12.6,1,1,2,0,1,0,1,1500,0
1341,33,1,8,16.6,0,4,1,1,1,1,1,2100,0
19,32,1,3,12.1,1,2,2,1,0,0,1,1600,0
112,32,1,8,14.2,0,3,1,0,0,1,1,1500,0
321,32,0,3,15.4,0,4,1,1,1,1,0,1600,1
358,32,0,7,13.6,1,4,2,0,0,0,1,2000,0
483,32,1,2,17.8,0,3,1,1,0,0,0,2000,1
570,32,0,7,17.1,0,4,1,1,0,0,1,1600,0
637,32,0,9,17.6,1,4,2,1,0,1,0,1900,0
699,32,0,10,13,1,1,2,0,0,1,0,1300,0
776,32,1,6,14.7,0,4,2,0,1,0,1,1900,0
886,32,1,2,18.5,0,5,2,1,0,1,1,1300,0
1008,32,0,9,17.2,0,4,1,0,0,0,0,1800,0
1110,32,0,8,18.5,0,4,2,1,1,0,0,1500,1
1143,32,0,4,17.1,0,5,2,1,1,0,0,1200,1
1224,32,0,9,18.2,0,3,2,1,1,1,1,1600,0
1338,32,1,2,18.2,0,4,2,1,1,0,1,1300,0
1453,32,0,4,16.9,0,3,2,1,0,1,0,1900,0
217,31,1,3,14.7,0,5,2,1,0,0,1,1800,1
296,31,0,3,14,0,5,1,1,1,1,0,1700,0
488,31,1,3,12.3,1,3,3,0,0,1,1,2100,0
494,31,1,10,14.1,0,4,2,1,1,0,1,2000,0
725,31,0,9,12.6,1,3,3,1,0,0,0,1300,0
794,31,0,7,14.7,0,4,1,1,1,0,0,1400,1
843,31,0,9,17.5,0,5,2,1,1,0,0,1700,1
1263,31,1,10,17.7,0,3,2,0,1,1,0,1800,1
1269,31,1,10,14.8,0,4,1,0,1,0,0,1700,0
1372,31,0,3,12.3,1,2,2,0,0,0,1,1400,0
40,30,1,7,18.5,0,4,2,1,1,1,0,1300,1
50,30,1,5,13.3,1,2,1,1,1,1,0,1500,1
418,30,1,5,15.5,0,3,1,1,0,1,1,1700,0
440,30,0,4,15.1,0,4,1,1,0,1,0,2200,0
622,30,0,2,16.1,0,4,1,0,1,1,0,1300,1
668,30,0,10,15.2,0,3,2,0,1,0,1,1600,1
1092,30,1,8,14.5,0,3,2,0,1,1,1,1600,0
513,29,1,10,18.2,0,4,1,0,1,1,0,1400,0
557,29,1,8,17.8,0,5,1,0,1,1,0,1300,0
862,29,0,6,15.6,0,5,1,0,1,1,1,1500,0
1006,29,1,9,12.6,1,2,1,1,0,0,1,1900,0
1104,29,1,6,18.7,0,4,1,1,0,1,0,2200,1
1120,29,0,8,12.9,0,2,2,0,0,0,1,1600,1
1232,29,1,6,12.1,1,2,2,1,0,1,1,1600,0
1233,29,0,2,18.4,0,4,1,0,0,0,0,1600,1
1243,29,0,3,14.1,0,4,2,0,0,0,1,1400,0
1445,29,0,4,17,0,5,2,0,0,0,0,1600,0
104,28,1,4,15.4,0,4,1,1,1,1,1,1300,1
108,28,1,2,14.8,0,4,1,1,1,1,0,1900,0
167,28,1,6,18.3,0,4,1,0,1,1,0,1300,0
422,28,1,5,14.5,0,3,1,0,0,1,1,1500,0
439,28,1,5,12.1,1,1,2,0,1,0,1,1400,0
625,28,0,7,18.2,0,4,1,1,1,0,1,1700,0
758,28,0,5,17.3,0,5,2,1,1,1,1,1300,1
892,28,1,3,14.9,0,4,1,0,0,0,1,1200,0
998,28,0,10,17.2,0,3,1,1,0,0,0,2000,0
1154,28,0,2,12.7,1,4,2,0,0,0,0,1300,1
1242,28,0,9,16.7,0,4,1,1,0,0,0,1700,0
1484,28,0,2,14.9,0,5,1,1,0,0,1,1900,0
272,27,0,8,16.7,0,5,1,0,0,1,0,2200,0
279,27,1,7,13.8,1,1,1,0,0,0,0,2000,0
341,27,0,7,13,1,1,3,0,0,1,0,1400,1
730,27,1,5,12.5,0,2,2,1,1,0,1,1600,1
960,27,0,8,19,0,5,2,0,1,1,0,2000,0
277,26,0,9,15.8,0,5,1,0,1,0,1,1500,0
548,26,1,9,18.2,0,5,1,0,1,1,0,1200,0
719,26,1,5,14,0,5,2,0,1,1,1,1600,1
816,26,0,6,14.2,0,4,2,0,0,0,1,1400,0
834,26,0,5,18.9,0,5,2,1,1,0,1,1500,1
835,26,1,6,12.8,1,2,2,0,1,0,1,1800,0
856,26,0,7,17.5,0,3,2,1,0,1,0,1200,0
984,26,0,5,13.6,1,3,1,0,1,0,0,1900,0
1002,26,0,7,12.9,1,2,2,1,1,0,1,1600,1
1045,26,1,6,14.8,0,4,1,0,1,0,0,1400,0
1218,26,1,5,15.5,0,3,2,1,0,1,0,1300,0
1241,26,1,10,16.9,0,4,2,1,1,0,0,1800,1
254,25,0,7,13.2,1,3,2,1,0,1,0,1800,0
266,25,0,7,12.8,1,1,2,1,1,1,0,1300,1
338,25,1,6,13.3,1,2,2,1,0,1,0,1700,1
528,25,1,6,18.1,0,4,2,0,0,1,0,1400,1
569,25,1,2,15.9,0,3,1,0,0,1,1,1000,0
590,25,1,8,16.6,0,4,1,0,0,0,1,1300,0
841,25,1,4,17.6,0,4,2,0,0,1,1,1100,0
921,25,1,8,12.2,1,2,2,0,1,1,0,1600,1
1200,25,1,5,15.8,0,4,1,0,0,1,0,1800,1
1277,25,1,10,16.3,0,4,2,1,1,0,0,1400,1
1354,25,0,9,15.6,0,5,1,0,1,1,0,1000,0
132,24,1,8,17.9,0,3,2,0,0,1,1,1400,0
355,24,1,4,13.9,1,2,3,0,1,0,1,1300,0
416,24,1,2,17.4,0,4,1,0,1,1,0,1600,0
420,24,0,10,15.5,0,3,1,1,0,0,1,1500,0
546,24,0,3,16.5,0,4,2,1,0,1,0,1400,0
1086,24,0,6,17.4,0,5,1,0,1,1,1,1700,0
1416,24,0,3,12.4,1,3,2,0,0,0,0,1200,0
139,23,0,3,18.1,1,5,1,0,1,1,1,1700,1
225,23,0,10,12.2,1,1,2,1,0,1,0,1800,0
237,23,0,4,12.6,1,3,2,0,1,1,0,1600,1
268,23,1,7,12.8,1,3,3,1,1,0,1,1300,0
300,23,1,3,18.5,0,3,2,0,1,1,1,1000,0
304,23,1,8,17.4,0,5,1,1,0,0,1,1300,0
461,23,0,4,17.9,0,3,1,0,1,1,1,1100,1
620,23,0,8,12.9,1,3,3,0,0,1,1,1600,0
624,23,0,8,18.8,0,3,2,0,0,1,0,1300,0
1165,23,0,7,18.2,0,4,2,1,0,0,0,1000,0
1290,23,0,7,16.9,0,4,2,0,1,0,0,1000,0
1443,23,0,7,15.2,0,4,2,0,1,1,0,1900,0
144,22,0,6,17.4,0,4,2,1,1,1,0,1160,1
352,22,1,5,14.5,0,4,1,1,0,1,0,1140,0
977,22,1,2,12.8,1,2,1,1,0,1,1,1190,0
1000,22,1,9,14,0,5,1,0,1,1,0,1360,1
1288,22,1,3,16.6,0,3,1,0,1,0,1,900,0
1307,22,1,9,17.5,0,4,1,1,1,0,1,1200,1
1402,22,0,7,14.2,0,3,1,0,1,1,1,1460,0
1439,22,0,6,15.6,0,5,1,0,1,0,0,1300,0
1446,22,1,6,17.1,0,5,1,0,1,1,0,950,0
81,21,0,5,15.7,0,4,1,0,1,0,0,1300,0
209,21,0,6,15.8,0,5,1,1,0,1,1,870,0
426,21,0,10,13.8,1,2,2,1,0,1,1,900,1
497,21,1,4,13.7,1,2,2,1,0,1,1,1140,0
541,21,1,4,18.9,0,3,1,1,0,0,0,1200,0
599,21,0,2,12.2,1,3,1,0,0,1,1,1040,1
915,21,0,6,16.7,0,3,2,1,1,0,1,1400,0
992,21,0,10,15.3,0,5,2,1,1,0,0,800,1
1276,21,1,9,16.3,0,4,1,0,1,1,0,1460,1
1294,21,0,10,12.1,0,2,2,0,1,0,1,1100,0
1469,21,1,8,13.7,1,2,3,0,0,0,1,800,1
1479,21,1,5,14,0,3,3,0,1,0,1,1200,1
208,20,1,9,17.5,0,4,1,0,1,0,0,1300,0
303,20,0,9,13.6,1,2,2,0,1,1,1,1180,1
612,20,0,10,15.6,0,3,1,1,1,0,0,1100,0
715,20,1,9,13,1,3,1,1,1,1,0,1080,0
1293,20,1,2,14.2,0,5,2,0,0,1,0,1360,0
1317,20,1,1,12.3,1,3,1,1,1,0,1,900,0
1351,20,0,6,15.8,0,4,1,1,0,0,1,1400,0
37,19,1,1,16.9,0,4,2,1,0,1,1,1180,0
400,19,0,5,14.6,0,4,1,0,1,1,1,1060,1
587,19,1,8,13.6,1,2,2,0,0,1,1,1210,0
631,19,0,3,13.2,1,4,2,1,0,0,0,900,1
640,19,0,4,18.7,0,5,1,1,1,1,0,880,0
928,19,0,1,12.4,1,3,1,0,0,0,0,1300,0
974,19,1,4,15.2,0,4,1,1,0,1,0,1110,0
1027,19,1,7,15.7,0,5,1,0,0,0,1,800,0
1050,19,1,6,13.9,1,4,2,0,0,1,1,1030,0
1183,19,0,8,15.3,0,4,1,1,1,1,1,1260,0
1309,19,0,8,16.9,0,4,1,1,1,0,0,1000,1
1460,19,1,6,12.2,1,4,2,0,1,1,0,860,1
1475,19,0,3,13.2,1,4,2,1,0,1,1,990,0
8,18,1,6,16.3,0,4,1,1,1,1,0,1000,0
36,18,0,2,14.1,0,3,1,1,0,0,0,900,0
60,18,0,6,12.6,1,1,1,1,0,0,1,900,0
63,18,1,4,15.3,0,4,1,0,0,1,0,870,0
79,18,1,1,14.2,0,5,2,0,1,0,0,1200,0
86,18,1,4,13.9,1,2,2,1,0,1,0,1410,0
99,18,1,2,16.2,0,4,1,0,0,0,1,800,1
127,18,1,6,17.2,0,5,1,1,0,0,1,1000,1
178,18,0,2,16.2,0,3,1,0,1,0,1,1000,0
213,18,1,2,13.9,1,1,2,0,0,0,0,900,0
239,18,0,1,12.1,1,1,1,0,1,0,0,900,1
242,18,0,3,15.1,0,5,1,1,1,1,0,1160,1
293,18,1,3,18,0,3,2,0,1,0,0,1000,1
301,18,1,3,17.1,0,4,1,0,1,1,1,860,1
320,18,0,6,12.1,1,1,2,0,0,0,1,1100,0
327,18,0,1,15.8,0,3,2,1,0,0,0,1300,0
330,18,1,4,14.5,0,4,1,1,0,0,0,900,1
371,18,0,4,16.1,1,3,1,0,0,1,0,1430,0
377,18,1,2,16.4,0,4,1,0,0,0,0,1100,1
385,18,0,2,13.2,1,3,2,1,0,0,1,1100,0
403,18,0,5,16.5,0,4,1,1,1,1,1,1340,1
406,18,0,3,17,1,4,1,0,1,0,0,1200,0
410,18,0,6,16.2,0,4,1,1,0,1,1,1160,1
412,18,0,3,15.1,0,5,2,0,0,1,0,880,0
431,18,1,3,12,1,3,1,1,0,1,1,1470,0
437,18,0,4,14.4,0,4,1,0,0,0,1,1100,0
438,18,0,2,17.3,0,3,1,0,0,1,0,1040,0
450,18,1,4,12.2,1,2,1,1,0,0,0,900,0
478,18,0,3,16.3,0,3,2,0,1,1,1,1240,0
560,18,0,1,16.9,0,3,1,1,0,0,0,1400,0
564,18,1,6,15.5,0,3,1,0,1,0,1,1300,0
565,18,1,4,13.1,1,3,3,1,1,1,0,1260,0
652,18,1,1,17.4,0,4,1,0,1,1,0,1070,0
704,18,0,2,18.4,0,4,2,1,0,0,1,1200,0
722,18,0,5,16.1,0,4,2,1,0,1,0,1270,0
733,18,0,2,16.3,0,5,1,0,1,0,1,1100,0
737,18,0,4,17.2,0,5,1,1,0,1,0,1300,0
738,18,1,4,17.5,0,4,1,0,0,0,0,1000,0
748,18,1,4,13.8,1,2,2,1,1,0,1,1200,0
761,18,1,1,14.5,0,3,1,1,0,0,0,1400,1
764,18,0,6,12.8,0,2,1,1,0,1,1,1120,1
778,18,1,5,16.6,0,4,2,0,0,0,0,900,0
782,18,1,6,12,1,2,3,0,1,0,1,1000,0
788,18,0,5,14.5,0,4,1,1,1,1,0,1390,1
815,18,0,2,17.7,0,4,2,1,1,0,1,1100,1
869,18,0,6,13.3,1,2,2,0,0,0,0,1100,0
875,18,1,3,14.2,0,5,1,0,1,0,0,900,0
880,18,1,5,16.3,0,5,1,0,1,1,0,1280,0
891,18,1,6,18,0,4,1,1,0,1,0,1120,0
896,18,1,3,18.6,0,4,2,0,1,0,1,1200,1
899,18,0,3,14.7,0,4,1,0,0,1,1,1260,0
933,18,0,2,14.1,0,5,1,1,0,1,1,1280,0
965,18,1,4,14,0,5,1,1,0,1,1,1340,1
1007,18,1,1,16.8,0,5,1,0,0,1,1,1390,0
1018,18,0,6,18.3,0,5,1,1,0,0,0,1200,0
1020,18,1,3,16.6,0,3,2,0,0,0,0,1000,0
1024,18,1,5,16,0,4,2,0,0,0,0,1200,0
1028,18,0,2,15.4,0,5,2,1,0,0,0,900,1
1034,18,0,2,15.9,0,4,1,0,0,0,1,800,1
1038,18,0,5,12.8,1,2,3,1,0,1,1,1110,0
1057,18,1,2,14.5,0,3,2,1,0,0,0,1300,0
1061,18,1,4,12.5,0,3,2,1,1,1,1,1480,1
1062,18,1,5,17.8,0,4,2,1,0,0,1,900,0
1085,18,1,4,17.1,0,4,2,1,0,1,1,1350,1
1088,18,0,6,15.6,0,4,1,0,1,0,1,900,0
1125,18,0,4,14.9,0,4,1,0,1,0,0,800,0
1126,18,1,5,17.9,0,4,1,0,0,0,1,1200,1
1151,18,0,3,15.2,0,4,2,1,1,0,0,1100,1
1153,18,1,3,18.1,0,4,1,0,1,0,0,800,0
1167,18,0,1,12.3,1,3,2,1,1,0,1,1000,1
1168,18,0,6,18,0,4,1,1,1,0,0,1000,1
1169,18,0,4,12,1,2,2,1,1,1,1,1040,0
1184,18,1,5,16.5,0,5,2,0,0,0,1,1300,0
1186,18,1,2,16.1,0,4,2,1,0,0,0,1200,0
1198,18,0,2,19,0,5,1,1,0,0,0,1200,1
1211,18,1,6,16.7,0,5,1,0,0,0,0,800,0
1234,18,0,3,18.5,0,3,1,0,1,1,0,1160,0
1239,18,0,1,15,0,5,2,1,1,0,1,1100,0
1256,18,1,2,13.9,1,1,1,0,1,0,1,1300,1
1279,18,0,5,14.4,0,4,2,0,0,1,1,1340,0
1303,18,1,3,15.9,0,4,1,1,1,0,1,1000,0
1308,18,0,1,18.4,0,5,1,0,1,0,0,1400,0
1327,18,0,4,17.6,0,3,1,1,0,0,1,1100,1
1330,18,0,4,13.7,1,2,1,1,0,1,0,890,0
1336,18,1,1,16.7,0,4,2,1,0,0,1,1300,0
1357,18,0,6,14.6,0,4,1,1,0,1,0,1170,1
1376,18,1,1,18,0,5,2,1,1,1,0,1050,1
1378,18,1,4,16.4,0,5,2,0,0,1,0,1430,0
1394,18,0,5,16.9,0,4,1,0,1,0,0,1300,1
1437,18,1,3,17.5,0,4,2,0,1,0,1,1000,0
1441,18,0,6,17.1,0,4,1,0,1,1,1,1000,1
1491,18,1,6,16,0,4,1,1,1,1,0,970,1
1,17,1,4,16.1,0,4,1,1,1,0,0,900,1
6,17,1,4,15.2,0,5,2,0,1,1,0,1250,1
7,17,0,3,18.5,0,4,1,0,1,0,1,1000,0
9,17,1,3,14.9,0,5,1,0,1,1,0,1390,0
11,17,1,2,18.7,0,4,1,0,1,0,0,800,0
14,17,1,4,17.5,0,4,1,1,0,0,1,1000,1
15,17,1,1,17.9,0,4,2,1,1,0,1,1000,1
18,17,1,4,17.3,0,4,1,0,0,0,1,900,0
20,17,0,2,14.5,0,4,1,1,0,0,1,900,1
24,17,1,1,18.2,0,5,2,1,0,1,1,1340,0
25,17,1,3,14.2,0,4,1,1,0,0,1,900,1
27,17,1,2,13.9,1,1,2,1,0,1,0,1280,1
30,17,1,4,15.3,0,5,1,1,1,1,0,1240,1
35,17,0,4,13.4,1,3,2,1,1,0,0,900,1
39,17,0,2,12.2,1,2,1,0,1,0,1,1000,0
42,17,1,4,17,0,4,1,0,0,0,1,900,0
45,17,1,4,12.3,1,3,2,0,1,1,0,1210,0
51,17,1,4,18,0,4,2,1,1,1,1,1230,1
53,17,1,4,19,0,4,2,1,1,1,0,1240,1
54,17,0,4,13.4,1,1,2,1,0,0,0,800,0
58,17,0,1,12.7,1,3,2,0,0,1,0,1430,0
59,17,0,2,16.8,0,3,2,1,0,1,0,960,0
62,17,0,4,16.7,0,4,1,0,0,1,1,1390,0
64,17,0,1,13.5,1,3,2,1,1,1,1,850,0
65,17,0,4,16.1,0,4,1,0,0,0,1,1000,0
66,17,1,2,13.2,1,2,2,1,0,0,0,900,0
67,17,0,3,12.8,1,2,2,0,1,0,0,900,0
70,17,0,3,14.8,0,4,1,0,0,1,1,1440,0
74,17,0,3,17,0,4,1,0,0,1,0,1240,0
76,17,1,4,12.5,1,2,2,1,0,1,1,1050,0
84,17,1,3,15.2,0,5,1,0,1,0,1,900,0
87,17,1,3,12.8,1,2,2,1,1,1,0,1070,1
88,17,1,3,15.7,0,4,1,0,0,1,0,1430,0
89,17,0,3,14.8,0,3,1,1,1,0,0,1000,0
90,17,0,1,14.7,0,5,2,1,1,1,1,900,0
92,17,1,3,18.1,0,4,1,0,1,0,1,1000,0
96,17,0,1,14.6,0,5,2,1,0,1,1,1020,0
97,17,0,3,18.1,0,4,1,1,0,1,1,1400,1
105,17,0,3,14.2,0,5,1,1,0,1,0,1180,0
106,17,0,3,17.4,0,4,1,1,0,1,0,1450,1
113,17,0,4,18.3,0,4,1,1,1,0,1,1000,1
114,17,1,1,12.2,1,4,1,0,1,0,0,1000,1
115,17,1,1,16.7,0,4,2,1,0,1,0,1400,0
116,17,0,3,17.4,0,4,1,1,0,0,1,900,0
118,17,1,2,16.3,0,4,2,1,0,1,0,1210,0
120,17,0,4,16.2,0,3,1,0,0,0,0,800,1
121,17,1,2,15.3,0,3,1,0,0,0,0,1000,0
122,17,0,2,14.4,0,3,2,0,1,0,0,900,0
123,17,0,1,17.9,0,5,2,1,1,0,0,900,1
125,17,1,4,12,1,3,1,0,0,0,1,800,0
129,17,0,1,13.6,1,2,3,0,1,0,1,800,0
133,17,0,2,17.5,0,4,1,0,0,1,1,1400,0
140,17,1,4,16.7,1,3,1,1,0,1,0,1340,0
141,17,0,1,13.6,1,3,1,0,1,1,1,1010,0
143,17,0,3,15.7,0,4,1,0,1,0,0,800,0
146,17,0,1,13.8,1,2,2,0,0,0,1,900,0
148,17,1,4,18.7,0,5,1,1,0,0,0,800,1
149,17,1,1,16.1,0,3,1,1,0,0,1,800,0
151,17,1,3,13.1,1,3,2,1,1,0,1,900,0
152,17,0,2,17.6,0,5,1,0,1,0,1,800,0
156,17,1,3,18.7,0,4,1,1,1,1,1,1050,1
158,17,1,4,18.2,0,5,1,1,0,0,1,900,0
161,17,1,3,14.5,0,3,1,0,0,1,0,1310,0
163,17,0,4,13.4,1,3,1,1,1,0,1,1000,1
164,17,1,2,16.8,0,5,2,1,1,0,1,800,0
165,17,0,3,13.4,1,4,2,0,0,1,1,1320,0
166,17,1,4,15.3,0,3,2,1,0,1,1,1360,0
168,17,0,1,12.7,1,3,2,0,1,0,0,900,1
171,17,0,2,14.1,0,4,1,0,1,0,0,800,0
179,17,1,1,14.3,0,4,1,0,0,1,0,1090,0
181,17,0,3,12,1,4,3,0,0,0,1,900,0
184,17,1,4,18.5,0,4,2,1,1,0,1,1000,1
186,17,1,3,12.5,1,1,2,1,1,1,0,1240,1
187,17,0,3,13.8,1,2,2,1,1,1,1,1390,1
188,17,0,2,12.5,1,3,2,1,0,1,1,1220,1
189,17,1,1,15.9,0,4,1,0,1,1,1,900,0
190,17,0,2,17.8,0,5,1,0,0,1,1,1150,0
191,17,0,3,12.6,1,3,2,1,0,1,1,1200,1
194,17,0,4,12.5,1,2,2,1,0,0,0,900,1
197,17,0,2,15.3,0,4,1,1,0,0,1,1000,1
201,17,1,4,17,0,3,1,1,0,1,1,1200,1
203,17,0,3,17.7,0,5,2,1,0,1,1,1410,0
204,17,1,2,16.6,0,4,1,0,1,0,0,800,1
210,17,0,1,18.5,0,5,1,1,1,1,0,920,1
211,17,1,4,14.2,0,4,2,0,0,1,0,1320,0
212,17,1,4,12.9,1,3,1,0,0,1,0,960,1
214,17,1,2,16.5,0,4,1,0,0,1,1,1260,0
216,17,0,1,14.3,0,4,2,1,0,0,0,800,1
218,17,0,1,17.2,0,4,1,0,1,0,1,900,0
219,17,0,4,17.8,0,4,1,1,0,1,1,960,1
221,17,0,4,13.8,1,2,2,1,0,1,1,1180,0
222,17,1,1,15.9,0,4,2,0,1,0,0,1000,0
223,17,1,4,13.3,1,2,3,0,0,0,1,800,1
227,17,0,4,13.4,1,2,1,0,0,1,1,1170,0
236,17,1,3,12,1,3,2,1,1,0,1,900,1
238,17,1,4,18.2,0,4,2,1,0,1,0,1400,0
240,17,1,4,13.4,1,4,1,1,0,0,1,800,0
243,17,1,1,14.6,0,5,1,1,1,1,1,1430,0
244,17,1,2,12.8,1,3,3,0,1,1,1,1120,1
245,17,0,3,16,0,3,1,0,1,0,1,1000,0
246,17,1,1,18.7,0,4,1,0,1,1,0,1310,0
247,17,1,3,14.1,0,3,1,1,1,0,0,1000,1
248,17,0,1,17,0,4,1,1,0,1,0,900,0
257,17,0,4,14.3,0,3,1,1,0,1,0,990,1
258,17,1,1,16.1,0,5,2,1,0,1,1,1210,0
259,17,0,1,16.4,0,5,1,1,0,1,1,960,0
262,17,1,4,18.5,1,4,2,1,0,0,0,900,1
265,17,1,1,14.2,0,5,1,0,0,0,0,900,0
267,17,1,1,17,0,5,1,1,1,0,1,1000,1
269,17,0,2,18.9,0,5,1,0,0,0,0,1000,1
270,17,1,4,13.5,1,3,2,0,1,0,1,800,1
271,17,1,1,12.4,1,3,2,1,0,0,0,1000,0
273,17,1,3,12.1,1,3,3,1,0,0,1,900,1
281,17,0,2,18.5,0,4,1,1,1,0,1,900,1
282,17,1,1,16.8,0,4,1,1,1,1,1,940,1
283,17,0,2,12.2,1,3,1,0,0,1,1,1170,0
288,17,1,1,15,0,3,2,0,1,0,1,800,1
289,17,0,4,17.2,0,4,2,0,1,1,0,1140,0
294,17,1,4,14.8,0,4,2,1,0,1,1,990,0
298,17,1,4,15.1,0,3,2,0,0,1,0,990,0
308,17,0,4,13.5,1,3,1,0,0,1,1,1020,1
310,17,1,2,15,0,3,2,1,1,1,1,1210,0
311,17,1,2,16,0,3,1,0,1,0,0,800,1
313,17,0,4,12.5,1,3,2,0,0,1,0,1340,1
314,17,1,2,15.8,0,5,1,1,0,0,0,1000,0
316,17,0,3,13.6,1,2,2,0,0,1,0,1190,0
318,17,1,1,13.5,1,1,1,1,0,0,1,900,0
322,17,1,4,14.8,0,5,1,0,1,0,1,900,0
323,17,1,3,14.4,0,4,2,1,1,0,0,800,1
326,17,0,3,14.2,0,4,2,1,0,0,0,800,0
328,17,1,2,15.8,0,5,1,0,1,1,1,1360,1
332,17,1,1,18.9,0,4,2,1,0,0,1,900,0
333,17,0,4,12.3,1,1,2,0,0,0,1,900,0
346,17,0,4,13.9,1,3,1,0,1,1,1,1490,0
347,17,1,1,16.9,0,5,1,1,0,1,0,1090,1
350,17,0,4,12.5,0,3,1,0,1,0,1,800,0
357,17,1,2,16,0,5,2,0,1,1,0,980,1
360,17,1,1,18.4,1,3,1,1,0,1,1,1310,0
361,17,1,2,19,0,4,2,0,0,0,1,800,0
362,17,0,2,15,0,5,1,0,1,0,1,1000,1
363,17,0,1,13.2,1,3,1,0,1,0,0,1000,1
367,17,0,3,12.7,1,3,3,0,0,1,0,1000,0
370,17,1,3,12.4,1,2,1,0,0,1,0,980,0
372,17,0,3,15.7,0,3,1,1,1,0,0,900,1
373,17,1,3,18.4,0,4,1,1,1,1,1,1220,1
376,17,1,2,17.7,0,3,2,0,1,1,1,1500,0
379,17,0,4,16.5,0,5,2,1,1,0,1,800,1
380,17,0,4,15,0,4,1,0,1,1,0,1020,1
382,17,1,2,18.8,0,4,1,1,1,1,0,1290,1
383,17,0,2,12.1,1,2,2,0,1,1,0,1130,0
384,17,0,3,15.8,0,4,2,0,0,0,0,900,0
387,17,1,1,12.5,1,2,2,0,0,0,0,900,0
388,17,1,3,18.9,0,4,1,0,1,0,0,800,0
390,17,0,2,15.3,0,4,2,0,1,0,0,1000,0
391,17,1,4,18.5,0,5,1,1,0,1,0,870,1
392,17,0,2,13.9,1,2,2,1,1,1,1,1150,1
395,17,0,3,15.5,0,3,1,1,1,1,1,1460,0
396,17,1,4,15.9,0,5,1,0,1,1,1,1090,0
399,17,0,2,16.1,0,4,2,0,1,0,0,800,1
407,17,0,1,13.2,0,2,3,0,0,0,0,900,0
408,17,0,4,17.8,0,4,1,0,0,1,0,1420,1
413,17,0,1,18.2,0,4,1,1,0,1,1,1090,0
414,17,1,1,15.1,0,5,1,0,1,0,1,900,0
415,17,1,4,14.9,0,5,1,1,0,0,1,800,0
423,17,0,2,14.3,0,4,1,0,0,0,1,1000,0
424,17,0,2,12.7,0,3,3,1,0,1,1,1310,0
425,17,0,3,13.1,1,2,2,1,0,1,1,960,1
427,17,1,1,14.8,0,5,1,1,1,0,0,1000,1
433,17,0,3,12,1,3,2,1,0,0,1,1000,0
434,17,0,4,17.7,0,3,1,1,0,1,1,1490,0
441,17,1,4,17.7,0,4,1,1,1,0,0,1000,0
444,17,0,3,13.3,1,1,2,1,0,0,0,800,0
445,17,0,4,18.2,0,4,1,1,0,0,1,1000,0
449,17,1,1,15.2,0,4,1,0,1,1,0,1200,0
451,17,1,4,14.6,0,4,1,0,0,0,0,900,0
452,17,1,4,12.9,0,2,2,0,1,1,1,1370,0
454,17,1,4,16.6,0,5,1,1,1,1,1,970,1
455,17,0,2,12.8,1,3,2,0,1,0,1,1000,0
456,17,1,2,13.1,1,1,1,0,1,1,0,1450,0
458,17,1,2,12.7,1,3,1,0,0,1,1,1490,0
459,17,1,2,15.3,0,3,2,1,0,1,0,1230,0
460,17,0,4,15.9,0,5,2,0,1,1,1,960,0
462,17,0,2,14.2,0,5,2,1,1,0,1,1000,1
463,17,1,3,15.9,0,3,2,0,0,1,0,1090,0
464,17,0,2,15.6,0,4,1,0,0,0,1,1000,0
466,17,1,3,17.5,0,3,2,0,1,0,0,1000,0
467,17,1,2,16.4,0,5,2,1,1,1,0,1130,1
471,17,0,1,14.3,0,5,2,0,0,0,1,800,0
472,17,0,4,12.4,1,3,3,1,0,0,0,1000,1
473,17,0,2,17.5,0,4,2,0,1,1,0,1350,0
475,17,1,4,16.1,0,5,1,1,1,0,1,800,1
476,17,0,1,18.7,0,4,2,1,0,0,1,900,0
479,17,0,2,12.6,1,3,2,0,0,0,1,800,0
480,17,0,2,17.3,0,4,2,1,1,1,0,1050,1
481,17,1,4,14.6,0,4,1,1,1,0,1,900,1
485,17,0,3,14.9,0,4,1,1,1,0,1,1000,1
486,17,0,2,14.6,0,4,2,0,0,1,0,1020,0
490,17,1,2,12,1,3,2,1,0,0,0,900,0
493,17,1,2,12.8,1,2,2,1,0,0,1,1000,1
495,17,1,1,12.2,1,3,2,0,1,1,0,1450,0
498,17,0,2,18,0,4,2,1,1,0,1,800,1
499,17,0,2,12.5,1,3,2,1,0,0,0,800,0
504,17,0,3,15.3,0,5,1,0,1,0,1,1000,1
505,17,1,3,12.2,1,2,1,1,1,1,0,1070,1
506,17,1,1,13,1,1,2,1,0,1,0,890,1
510,17,1,1,17.8,0,3,1,1,1,0,1,800,1
511,17,0,2,12.9,1,3,1,1,1,1,1,1090,1
514,17,0,3,18,0,3,1,1,0,0,0,800,0
515,17,0,2,18.7,0,5,1,0,0,1,0,1130,0
517,17,1,3,13.3,0,3,2,0,1,1,0,950,1
519,17,1,1,15.8,0,5,2,0,1,1,1,1390,1
521,17,1,3,16.1,0,4,2,0,0,0,1,800,0
526,17,0,4,15.8,0,5,1,1,0,0,0,1000,0
530,17,0,1,14.3,0,4,2,1,1,1,1,1420,1
531,17,1,4,16.4,0,5,1,1,1,1,1,1080,0
533,17,1,3,12.8,1,2,2,1,0,0,0,900,1
534,17,0,1,18.6,0,4,2,1,1,1,0,1070,1
535,17,0,2,13.6,0,2,1,1,1,0,1,1000,1
537,17,0,4,17.2,0,3,2,0,0,1,0,990,0
539,17,1,2,12.7,1,2,2,0,1,1,1,1080,0
542,17,0,4,18.5,0,5,1,1,0,1,0,1470,1
544,17,0,3,18.7,0,5,2,1,0,0,0,1000,1
545,17,1,1,14.5,0,4,1,0,1,0,0,900,1
550,17,0,2,12.1,1,3,1,1,0,1,1,1500,0
552,17,1,1,13.8,1,1,1,1,1,1,1,1260,1
553,17,1,4,15.2,0,4,1,1,0,0,1,1000,1
554,17,0,4,15.2,0,3,1,1,1,0,0,800,0
559,17,0,2,16.1,0,5,2,1,1,1,1,1150,1
561,17,1,4,16.1,0,4,2,1,1,0,0,800,0
563,17,0,3,16.4,0,4,1,0,1,1,1,1310,0
577,17,1,1,13.4,1,3,3,0,1,1,1,1410,0
586,17,0,3,12.3,1,1,3,0,1,0,0,900,0
589,17,0,1,13.4,1,1,1,0,1,0,0,1000,0
594,17,1,3,16.1,0,4,1,1,1,1,1,980,1
597,17,1,1,18.6,0,5,1,1,1,1,1,860,1
602,17,1,1,13.2,0,4,1,0,0,1,1,1470,0
603,17,1,3,18.9,0,5,1,0,1,1,1,1390,0
604,17,1,1,15.2,0,5,1,0,0,0,0,1000,0
607,17,1,3,17.3,0,3,2,1,0,0,1,900,1
608,17,0,2,13.6,1,2,2,1,1,0,1,900,1
615,17,1,4,18.5,0,4,2,1,0,1,0,1400,0
618,17,0,2,14.1,0,4,2,0,1,0,0,900,0
629,17,1,3,17.7,0,5,1,1,0,1,0,960,0
638,17,0,4,17.8,0,5,1,0,1,0,0,800,0
642,17,1,4,14.6,0,3,1,0,0,0,0,1000,0
644,17,1,4,14,0,5,1,0,0,1,0,1410,1
647,17,1,2,16.1,0,5,1,0,0,0,1,800,0
648,17,0,3,16.5,0,5,2,1,0,1,0,1070,1
655,17,0,4,13.9,1,1,3,1,1,0,1,1000,1
658,17,1,3,15.4,0,4,2,1,0,1,1,1340,1
661,17,0,2,17.4,0,4,1,1,1,0,0,900,1
663,17,0,1,15.6,0,3,1,1,1,1,1,1000,0
664,17,0,4,15.5,0,4,1,1,0,1,1,1030,0
666,17,1,3,16.2,0,5,1,0,1,0,0,900,1
669,17,0,3,14.4,0,4,1,0,1,0,0,800,1
670,17,1,3,13.3,1,2,2,1,1,0,1,900,1
673,17,0,3,16.4,0,4,1,0,0,0,0,1000,1
675,17,0,4,17.4,0,5,2,0,1,1,1,1450,0
677,17,0,2,14.6,0,5,1,0,0,1,0,1430,0
680,17,0,2,13.1,1,3,1,1,0,1,1,1150,0
681,17,0,1,14.2,0,3,1,1,1,0,1,900,1
684,17,1,4,15.3,0,4,1,0,1,1,1,990,0
685,17,0,4,14,0,3,1,1,0,0,1,800,0
690,17,0,2,14.7,0,3,1,0,1,1,1,960,1
696,17,1,4,14.1,0,5,2,1,0,0,0,900,1
697,17,1,4,18.1,0,4,1,1,0,1,0,1460,0
700,17,1,2,14.3,0,4,2,0,0,0,1,800,1
702,17,0,3,17.3,0,3,2,1,0,0,1,800,0
707,17,0,2,17.2,0,4,1,1,0,0,0,800,1
711,17,1,3,18,0,3,1,1,1,1,1,890,0
713,17,0,1,14.9,0,5,2,0,1,1,0,1170,0
717,17,1,3,16.8,0,4,1,0,0,1,0,1010,0
723,17,1,3,18.5,0,5,2,1,1,1,0,1270,0
724,17,0,2,15.4,0,4,1,0,0,0,1,900,0
735,17,0,2,15.4,0,4,1,0,0,0,0,1000,0
739,17,1,2,13.1,1,2,2,1,0,0,0,1000,0
741,17,0,1,12.4,1,3,2,0,1,0,1,800,1
751,17,0,2,15.8,0,4,1,1,0,0,1,800,0
752,17,0,2,15.7,0,5,1,0,0,1,1,890,1
753,17,1,4,12.3,1,4,2,0,1,1,1,870,1
754,17,0,3,17.6,0,4,1,1,1,1,0,1490,1
755,17,0,4,14.8,0,4,2,1,0,1,1,1110,0
762,17,1,4,12.3,1,3,3,1,0,0,0,800,0
763,17,1,3,12.8,1,1,2,1,1,1,1,1350,0
765,17,0,4,16.2,0,4,1,1,1,1,1,1280,1
766,17,1,3,16.7,0,4,2,0,1,1,0,1130,0
771,17,1,3,14.8,0,5,1,0,0,1,0,1460,0
772,17,1,4,15.8,0,3,1,1,0,1,1,1190,0
777,17,0,1,13.4,1,1,1,1,1,1,1,1100,1
779,17,0,3,14.7,0,4,1,0,1,1,1,1370,0
781,17,0,2,13.2,1,3,1,1,0,1,1,1280,0
792,17,0,2,13.1,1,2,2,1,0,1,0,1320,0
793,17,1,2,17.1,0,4,1,1,0,0,1,1000,0
800,17,0,1,12.4,1,2,2,0,1,1,0,890,0
802,17,0,3,15,0,3,1,0,1,0,0,800,1
803,17,1,2,13,1,3,2,1,0,1,0,990,0
804,17,1,2,17.1,0,4,1,0,1,0,0,800,0
808,17,0,2,18,0,5,1,1,0,1,1,1100,0
809,17,1,2,12,1,3,2,1,1,0,1,800,0
810,17,0,1,14.7,0,5,1,1,0,1,0,940,0
811,17,1,4,18.3,0,4,1,0,1,0,1,900,0
821,17,1,3,17.8,0,3,2,1,0,0,1,900,0
826,17,1,1,18.1,0,5,2,0,0,0,1,800,0
828,17,1,1,15.2,0,3,2,0,0,0,0,800,1
829,17,0,3,18.5,0,5,1,1,1,0,1,900,1
830,17,0,1,14.5,0,4,2,0,1,1,1,950,0
832,17,1,1,13.8,1,1,2,0,1,1,1,1000,1
833,17,1,4,17.4,0,4,2,0,0,0,1,900,0
837,17,1,4,12.4,1,2,2,1,1,0,0,900,1
840,17,1,3,13.9,1,2,3,0,0,0,1,900,0
847,17,0,2,12.8,1,1,2,1,1,0,0,900,1
848,17,1,2,12.5,1,4,1,1,0,0,1,800,0
851,17,1,4,14,0,4,3,1,0,0,1,900,0
852,17,1,4,14.7,0,4,1,0,0,0,0,1000,0
853,17,1,2,12,1,2,2,1,1,1,1,1140,1
860,17,1,4,12,0,3,1,1,1,1,0,1360,0
865,17,0,3,12.8,1,3,3,1,0,0,1,900,0
867,17,1,4,19,0,5,1,0,0,1,0,940,1
868,17,0,4,19,0,4,2,1,0,0,1,900,0
879,17,1,3,13.1,1,2,1,1,1,1,1,1430,1
881,17,1,4,12.9,1,1,2,0,0,1,0,970,0
882,17,1,3,15.3,0,5,1,1,0,0,1,1000,0
883,17,0,4,16.2,0,5,2,1,0,0,1,1000,0
885,17,0,1,19,0,4,1,0,1,0,0,1000,1
887,17,0,3,15.2,0,3,1,1,0,1,0,1090,1
888,17,1,2,16.1,0,4,2,1,0,1,0,1450,0
889,17,0,1,16.7,0,5,2,0,1,1,0,850,0
890,17,0,2,18.7,0,5,2,0,0,0,1,900,0
898,17,0,1,12.9,1,3,1,0,0,0,1,1000,0
901,17,0,3,16.6,0,5,1,0,0,1,0,890,0
904,17,1,2,16.9,0,5,1,0,0,0,1,1000,0
909,17,0,1,12.3,1,1,2,0,0,0,1,900,1
914,17,1,1,18.2,0,5,2,1,0,1,0,1250,0
920,17,1,2,18.1,0,3,1,0,0,1,1,1110,0
926,17,0,3,18.1,0,4,1,1,0,1,0,1180,0
927,17,1,3,15.9,0,4,1,1,0,0,0,1000,0
937,17,0,2,18.5,0,3,1,1,1,0,0,800,0
938,17,1,3,12.7,1,3,3,1,1,0,0,800,1
947,17,1,3,12.5,1,2,2,1,1,1,1,1470,0
949,17,1,2,12.4,1,3,3,0,1,0,0,800,0
953,17,0,1,14.4,0,4,2,1,0,0,1,1000,1
955,17,1,2,16.4,0,3,2,1,1,1,0,1070,1
956,17,1,1,15.2,0,5,1,1,1,0,0,1000,1
957,17,0,2,12.4,1,2,2,0,1,0,0,1000,0
964,17,1,2,18.9,0,4,1,0,1,1,1,1170,0
971,17,0,4,18.6,0,4,2,0,0,1,1,1080,0
972,17,0,4,14.6,0,5,1,1,1,0,1,1000,0
975,17,1,4,17.5,0,4,2,1,0,0,1,800,1
979,17,1,4,13.3,1,3,1,1,1,1,0,1020,1
981,17,0,4,14.4,0,4,1,0,0,0,0,800,0
982,17,0,4,14.3,0,4,1,1,1,0,1,800,1
985,17,0,4,12.8,1,3,2,1,0,0,0,800,1
986,17,0,4,12.9,1,4,1,1,0,0,1,900,0
988,17,0,4,13.7,1,1,3,1,1,0,1,1000,1
989,17,1,3,16.2,0,4,1,1,0,1,1,1300,1
990,17,1,3,14.7,0,5,2,1,0,0,0,900,0
1004,17,1,1,16.4,0,4,1,1,1,0,0,800,1
1005,17,0,4,15.7,0,3,1,1,1,0,1,1000,1
1012,17,1,1,17.2,0,3,1,0,1,0,1,800,0
1015,17,1,1,18.7,0,5,1,0,0,0,0,900,0
1035,17,1,4,12.9,1,1,1,0,0,0,0,800,0
1039,17,1,1,16.6,0,4,1,0,1,1,0,940,0
1046,17,1,1,15.3,0,4,1,1,0,1,0,1160,0
1048,17,1,3,17.4,0,5,1,0,0,1,0,1000,0
1052,17,0,4,12.4,1,2,1,1,0,0,0,900,0
1055,17,0,4,13.3,1,3,3,0,1,1,0,900,1
1056,17,0,4,15.1,0,4,1,1,1,1,0,1160,1
1064,17,1,4,16.4,0,4,1,1,1,1,0,890,1
1067,17,0,1,16.7,0,3,2,1,0,0,1,800,0
1069,17,1,3,15.9,0,4,1,0,1,1,1,1190,0
1070,17,1,2,18,0,4,2,0,1,0,1,900,0
1071,17,1,4,15,0,4,1,0,1,1,1,1050,0
1072,17,1,2,12.2,0,1,3,1,1,1,1,1360,0
1073,17,1,3,18.6,0,3,1,0,1,0,1,900,0
1079,17,1,3,12.7,1,3,3,0,0,0,0,1000,0
1080,17,0,4,18,0,5,2,0,0,0,0,800,0
1081,17,0,4,13.4,1,3,1,0,1,1,0,1390,1
1091,17,0,4,18.9,0,4,2,0,0,1,1,1390,0
1094,17,1,3,16.8,0,5,1,1,1,0,1,800,0
1097,17,0,1,13.9,1,3,2,1,1,1,1,1400,0
1098,17,1,1,17.9,0,5,2,0,1,1,0,1360,1
1101,17,1,1,18.3,0,3,1,1,0,0,0,900,0
1102,17,1,4,13.9,1,3,2,1,0,0,0,1000,1
1107,17,0,2,12.5,1,2,1,1,0,1,0,1140,1
1108,17,0,2,14,0,5,2,0,0,0,1,1000,0
1109,17,0,4,13.6,1,1,3,0,0,0,1,800,0
1113,17,1,4,12.1,0,2,1,1,1,1,0,1170,1
1116,17,0,1,17.1,0,5,1,1,1,0,0,1000,1
1119,17,1,4,12,1,4,2,1,1,0,0,900,1
1121,17,0,2,15.9,0,4,2,1,1,1,0,1300,1
1123,17,0,2,17.4,0,4,2,0,0,1,0,1260,0
1124,17,0,4,17.6,0,4,1,0,0,1,1,970,0
1127,17,0,1,14.5,1,3,1,0,0,0,0,800,0
1128,17,0,1,14.5,0,3,2,1,0,0,0,1000,1
1129,17,1,3,16.9,0,4,1,1,0,0,1,900,1
1130,17,0,3,17.3,0,4,2,1,1,0,0,800,1
1132,17,0,3,13.7,1,3,2,1,1,0,0,900,0
1134,17,1,1,13.7,0,3,2,1,0,0,1,1000,0
1137,17,1,1,16.8,0,3,2,0,1,1,1,960,0
1138,17,1,1,18.8,0,4,2,1,0,1,1,1050,1
1140,17,0,4,12.8,1,1,2,1,1,1,1,1310,0
1141,17,1,1,15.8,1,3,2,0,0,0,0,800,0
1142,17,0,4,14.8,0,4,1,0,0,0,0,800,0
1147,17,0,3,17.6,0,3,1,1,1,0,0,800,0
1148,17,0,4,18.2,0,4,1,0,1,0,0,800,1
1149,17,1,3,14.1,0,4,2,0,0,0,0,800,0
1152,17,0,1,18.7,0,4,1,1,1,1,1,1020,1
1156,17,1,1,14.3,0,5,1,0,0,1,1,1110,0
1157,17,0,3,13.1,1,3,2,1,1,1,1,1270,0
1159,17,0,4,13.9,1,1,2,1,0,1,0,1200,0
1160,17,0,2,17.9,0,3,1,0,1,0,1,900,0
1162,17,0,1,15.5,0,3,1,1,0,1,0,1030,1
1163,17,0,1,15.6,0,5,1,1,1,1,1,1020,0
1164,17,1,3,18.6,0,5,2,1,0,1,0,1330,0
1170,17,1,4,14.3,0,4,1,1,1,0,1,800,1
1172,17,1,1,13.1,1,2,2,0,1,1,1,920,1
1177,17,0,3,15,0,4,1,0,0,0,1,800,0
1178,17,0,3,14.1,0,5,1,1,0,0,0,800,1
1179,17,1,4,14.8,0,5,2,0,0,0,1,1000,0
1180,17,0,2,16.7,0,5,1,1,0,1,0,880,0
1181,17,1,2,16.8,0,5,1,0,1,1,1,1210,0
1182,17,0,4,13.1,0,1,1,1,1,1,1,960,1
1185,17,0,2,16.5,0,4,2,0,0,0,1,800,1
1187,17,0,4,17.1,0,3,1,1,0,0,1,800,0
1190,17,1,4,13.2,0,2,2,1,1,0,0,1000,1
1194,17,1,1,16.4,0,5,1,1,0,0,0,800,0
1195,17,1,3,13.2,1,3,2,1,0,0,0,900,1
1199,17,0,1,15.3,0,4,2,0,0,1,1,1000,0
1203,17,0,1,13.2,1,3,2,0,0,1,0,1470,0
1204,17,1,3,13.8,1,2,2,0,1,0,0,800,0
1205,17,1,4,12.6,1,3,1,1,1,1,0,1420,1
1207,17,1,3,12.3,0,3,2,1,0,0,0,900,0
1208,17,1,1,18.4,0,4,2,0,1,1,1,1090,0
1209,17,0,1,12.8,1,2,1,0,0,1,0,1090,0
1212,17,0,4,17.7,0,5,1,0,0,0,0,1000,1
1214,17,1,3,18.8,0,4,1,1,1,0,0,900,1
1216,17,1,1,14.9,0,5,1,1,0,0,0,800,0
1221,17,0,3,15,0,4,1,0,1,0,1,800,1
1222,17,0,1,16.5,0,4,1,0,1,1,1,930,0
1223,17,0,3,12.4,0,1,2,1,1,1,0,1490,0
1228,17,0,3,16.8,0,3,2,1,1,1,1,1140,1
1235,17,1,1,17.8,0,5,1,1,0,1,0,950,0
1236,17,1,3,13.2,1,2,3,1,1,1,0,1360,0
1240,17,0,3,18,0,4,1,0,0,0,0,1000,0
1247,17,0,1,14.1,0,4,1,0,1,0,0,1000,1
1250,17,1,3,12.6,1,3,2,0,1,1,1,980,0
1252,17,1,3,12.2,1,2,1,1,1,0,1,1000,1
1258,17,0,4,18.6,0,3,1,1,0,1,0,870,0
1262,17,1,1,14.2,0,4,1,1,1,0,1,1000,1
1264,17,0,2,13.1,1,2,2,0,0,0,0,900,0
1267,17,1,4,15.6,0,4,1,0,0,0,1,800,0
1268,17,0,4,18.6,0,5,1,1,0,0,0,1000,1
1271,17,0,1,18.7,0,4,1,1,0,0,0,1000,1
1273,17,1,1,14.8,0,5,2,0,1,0,1,900,0
1274,17,0,1,13.4,1,2,2,1,0,1,1,1190,1
1275,17,1,4,17.4,0,4,1,1,1,0,0,1000,1
1285,17,1,4,19,0,3,2,0,1,1,1,1400,0
1287,17,0,3,16.7,0,5,2,1,0,0,0,900,1
1292,17,0,1,13.2,1,3,2,0,1,0,0,800,0
1296,17,1,3,12.8,1,2,2,0,1,0,1,900,1
1298,17,0,3,18.1,0,5,1,1,1,1,1,970,1
1299,17,0,3,17.5,0,5,1,1,0,1,0,1290,1
1302,17,0,3,12.3,1,3,2,1,1,1,1,1030,1
1305,17,0,4,14.3,0,4,1,1,1,0,1,1000,0
1306,17,0,3,13.4,0,2,3,1,0,0,0,800,1
1312,17,1,1,14.3,0,3,2,0,1,1,1,980,0
1313,17,0,4,15.2,0,5,1,0,1,0,1,900,0
1319,17,0,1,14,0,3,2,1,0,1,1,1190,1
1323,17,0,1,15.7,0,4,1,1,0,1,1,890,1
1324,17,0,4,14.1,0,3,1,1,1,0,1,900,1
1325,17,0,2,16.7,0,3,2,1,0,1,0,1030,0
1328,17,0,2,14.2,0,5,2,1,1,1,1,1040,1
1331,17,0,4,18.2,0,4,1,1,1,0,0,800,0
1332,17,1,2,16.2,0,4,1,0,0,0,1,900,0
1342,17,1,3,18.8,0,5,2,0,1,0,1,1000,1
1345,17,0,4,17.9,0,5,1,0,0,0,0,800,0
1347,17,1,3,17.2,0,5,1,0,1,0,1,1000,0
1348,17,0,3,14.2,0,5,2,1,0,0,0,800,0
1349,17,1,4,18.7,0,5,1,0,1,1,1,990,0
1350,17,0,1,13.4,1,3,2,0,1,1,1,1440,0
1353,17,1,1,17.3,0,4,1,1,1,0,1,900,1
1356,17,0,4,16.4,0,4,1,1,1,1,1,1370,1
1359,17,1,2,15.4,0,3,2,1,1,0,1,900,1
1360,17,0,3,14.4,0,4,2,1,0,0,1,900,0
1363,17,0,4,15.1,0,3,1,0,0,0,0,800,0
1366,17,0,1,18.4,0,3,2,1,1,0,0,800,1
1368,17,0,2,16.6,0,3,2,0,1,1,1,1060,1
1369,17,0,2,16,0,5,1,0,0,0,1,900,1
1373,17,1,4,15,0,5,2,1,0,1,0,1260,1
1374,17,0,2,16.7,0,3,2,1,1,0,0,1000,1
1375,17,1,1,18.1,0,3,2,0,1,0,0,900,0
1379,17,0,4,15.1,0,4,2,1,0,1,0,880,1
1381,17,0,1,16.8,0,3,1,1,1,1,1,1290,1
1384,17,0,4,14.4,0,5,1,0,0,0,1,1000,1
1385,17,1,4,16.3,0,5,1,1,0,0,0,800,1
1387,17,1,2,18.5,0,4,2,0,1,1,1,1170,0
1388,17,1,3,12.4,1,2,1,1,0,0,0,1000,0
1389,17,0,1,15.5,0,4,2,1,0,1,1,920,0
1391,17,1,1,13.7,0,2,2,1,1,1,1,1270,0
1392,17,0,2,13.6,1,2,2,1,0,0,0,900,0
1393,17,1,1,16.9,0,3,1,1,1,0,1,800,1
1396,17,1,1,13.2,1,3,2,1,0,0,0,800,1
1397,17,0,1,14.2,0,3,2,1,0,0,0,900,0
1398,17,0,3,15.2,0,5,2,0,0,1,1,1390,0
1401,17,1,3,16.4,0,3,2,0,0,0,1,800,0
1404,17,0,3,18.6,0,4,1,0,1,0,0,900,1
1405,17,1,3,13.7,1,2,1,0,0,1,1,1480,0
1406,17,0,3,16.2,0,4,2,0,1,1,1,1170,0
1407,17,0,1,18.2,0,4,1,0,0,1,0,1190,0
1408,17,0,3,15.8,0,4,1,0,1,0,1,900,0
1410,17,1,4,12.5,1,3,1,0,1,1,1,1290,0
1411,17,0,3,14.6,0,5,1,1,0,0,1,800,0
1412,17,1,4,15.1,0,3,1,1,1,1,1,1400,1
1414,17,1,1,18.3,0,3,2,0,1,1,0,860,1
1415,17,1,2,12.2,1,3,2,1,1,1,1,1270,0
1421,17,0,1,13.8,1,2,1,1,1,0,0,900,1
1422,17,1,3,17.1,0,3,2,1,0,1,0,1180,0
1423,17,1,2,13.7,1,3,1,0,0,1,0,1080,0
1426,17,1,1,18.8,0,4,1,1,0,1,0,920,1
1431,17,1,2,13.2,0,3,2,0,1,1,1,1020,1
1435,17,0,3,15.7,0,4,1,0,0,1,0,1440,0
1436,17,0,2,17.8,0,4,1,0,0,0,0,900,0
1438,17,0,2,14.6,0,3,1,1,0,0,0,800,0
1450,17,1,3,15.1,0,4,2,0,1,1,1,1280,0
1451,17,1,3,16.9,0,5,2,0,1,0,1,1000,0
1456,17,0,3,15,0,4,1,0,1,1,0,1220,1
1457,17,1,3,15.3,0,5,1,0,1,1,1,1460,1
1458,17,1,3,18.4,0,3,1,1,1,1,0,1440,1
1461,17,0,2,17.3,0,5,1,1,1,1,0,1460,0
1464,17,0,4,15.7,0,4,1,1,0,1,1,850,0
1465,17,0,1,13.3,1,3,2,0,0,0,0,900,0
1467,17,1,3,15.1,0,5,2,1,0,1,1,1300,0
1471,17,0,1,16,0,3,1,1,0,0,1,800,1
1472,17,0,3,16.8,0,5,2,1,1,0,1,900,1
1474,17,1,3,18.7,0,5,2,0,0,0,1,1000,0
1476,17,0,3,15.9,0,4,1,1,1,0,0,1000,1
1477,17,1,3,18.4,0,4,2,0,0,1,1,1300,0
1483,17,0,2,12,1,2,2,1,1,0,1,1000,1
1485,17,0,3,18.8,0,5,2,1,0,0,1,800,1
1487,17,1,4,15.2,0,4,2,1,1,0,1,1000,0
1490,17,1,1,12.5,1,3,2,1,1,0,1,800,1
1493,17,1,2,13.7,1,2,2,0,1,0,1,800,0
1498,17,1,2,16.4,0,4,1,0,0,1,0,1020,0
1500,17,1,4,12.8,1,1,2,1,1,1,1,1020,1
2,16,1,2,18.3,0,4,1,0,1,0,1,1000,0
3,16,1,1,12.2,1,2,1,1,1,1,1,1310,1
4,16,1,1,12.4,1,2,2,1,1,0,0,900,1
5,16,0,1,14,0,5,3,1,1,1,0,1070,0
10,16,1,2,17.1,0,4,2,0,0,0,0,1000,0
12,16,0,2,14.6,0,4,1,0,0,1,0,1360,0
13,16,1,2,14.9,0,4,1,0,0,0,0,800,1
16,16,0,1,16.2,0,4,2,1,1,1,1,1450,1
23,16,1,1,16,0,3,1,0,0,0,0,1000,0
26,16,1,2,14.1,0,5,1,1,1,1,1,1200,1
28,16,1,1,17.1,0,4,1,1,0,1,1,1040,1
31,16,1,2,18.4,0,4,2,1,1,1,0,1280,0
32,16,0,2,13,1,3,3,1,1,1,0,1010,1
34,16,0,1,18.3,0,4,1,1,1,1,0,1450,1
38,16,1,1,17.6,0,4,1,0,0,1,1,1000,0
41,16,0,2,13,1,4,2,1,1,1,0,1070,1
43,16,1,2,18.2,0,5,1,0,1,0,1,800,0
44,16,0,2,16.1,0,3,1,1,1,0,0,900,0
46,16,1,2,13,1,2,1,0,1,0,1,1000,1
48,16,1,2,13.3,1,3,2,0,1,0,0,900,0
49,16,1,2,17.8,0,4,2,0,1,0,0,800,1
52,16,1,1,16,0,5,1,0,1,1,1,1180,0
55,16,0,2,16.9,0,3,1,0,0,0,1,900,0
56,16,0,2,17.4,0,4,1,1,1,1,0,1200,0
57,16,1,1,16.3,0,3,1,0,0,1,1,1220,0
61,16,0,2,18.6,0,3,2,0,1,0,0,900,0
68,16,1,2,15.6,0,4,2,0,1,0,1,800,1
69,16,1,1,17.9,0,4,1,0,0,1,1,1180,0
71,16,1,2,13.3,1,2,2,1,1,0,0,1000,0
72,16,0,2,13.7,1,2,2,1,0,0,0,900,1
73,16,0,2,17.3,0,4,1,1,0,1,0,1490,0
75,16,0,1,15,0,3,1,0,0,0,1,900,0
77,16,1,2,18,0,3,1,0,0,0,1,800,0
78,16,0,2,15.7,0,4,1,1,0,0,0,1000,1
82,16,1,2,15.5,0,3,1,1,0,1,0,1110,1
83,16,0,2,12.3,1,2,2,1,1,0,1,900,1
85,16,1,2,17.4,1,5,1,1,0,1,0,1350,0
94,16,0,1,18.8,0,4,1,1,0,0,1,1000,1
95,16,0,2,18.3,0,3,2,1,1,1,1,1140,1
98,16,1,2,18.3,0,4,1,0,1,0,1,800,0
102,16,1,1,15.8,0,3,1,0,1,1,0,1260,1
103,16,1,1,18.5,0,4,1,1,0,1,0,920,0
107,16,1,2,15.2,0,4,2,0,0,0,0,1000,0
109,16,1,2,13.4,1,1,1,1,1,0,0,900,1
110,16,0,2,12.4,1,4,2,0,1,0,1,1000,0
111,16,0,2,18.9,0,4,1,0,0,0,1,1000,0
117,16,1,1,13.6,1,4,1,0,0,1,1,1470,0
119,16,0,2,18.6,0,4,1,1,1,0,1,900,1
124,16,1,2,16.9,0,5,1,1,0,1,0,1470,1
126,16,0,2,14.1,0,4,1,1,1,1,0,1090,1
128,16,0,1,16.6,0,4,1,0,0,1,0,1020,0
130,16,1,1,14.4,0,3,2,0,0,0,1,800,0
131,16,0,1,15.7,0,4,1,1,1,1,1,1070,1
134,16,0,2,18.4,0,4,1,0,0,0,0,900,1
135,16,0,1,12.2,1,1,1,1,0,1,0,1080,1
136,16,1,2,16.6,0,5,1,1,1,1,0,1440,0
137,16,1,2,12.7,1,1,2,0,1,0,0,900,1
138,16,1,2,14.6,0,4,2,0,0,1,1,1370,0
142,16,0,1,15.2,0,4,1,0,1,1,1,1140,0
147,16,1,2,12.2,0,2,2,1,0,1,0,1360,1
153,16,0,1,18.1,0,3,1,1,0,0,0,1000,0
154,16,0,2,13.2,1,2,2,0,1,0,0,900,1
155,16,0,2,13.9,1,3,2,0,0,0,0,900,0
157,16,1,2,12.1,1,1,2,0,0,0,1,1000,0
159,16,1,1,14.4,0,4,2,0,1,0,1,900,0
160,16,1,2,17.4,0,5,2,0,0,1,0,1100,0
162,16,0,1,15,0,4,1,0,0,1,0,1190,0
169,16,0,2,16.2,0,3,2,0,1,0,1,1000,0
170,16,0,1,17.3,0,4,1,1,0,1,1,940,1
173,16,0,2,16.6,0,5,1,1,0,0,0,900,1
176,16,0,2,18,0,4,1,0,0,0,1,900,0
177,16,1,2,18.9,0,3,2,1,1,1,0,970,1
180,16,0,2,12.1,1,2,1,1,0,0,0,1000,1
182,16,0,2,12.1,1,1,2,0,1,0,0,900,0
183,16,0,2,16.9,0,3,1,0,0,1,0,1100,1
193,16,0,2,13.4,1,2,2,1,1,1,1,1010,1
195,16,1,1,15.7,0,4,2,1,1,0,0,900,1
196,16,1,1,14.1,0,4,2,1,0,1,1,1450,0
198,16,1,1,14.4,0,4,1,0,1,1,0,1280,0
199,16,0,2,17.4,0,5,2,0,0,0,1,800,0
202,16,1,1,17.5,0,3,1,1,1,0,1,1000,1
205,16,1,1,18.8,0,3,2,0,0,1,1,1190,0
206,16,0,2,16.8,0,3,1,0,0,0,0,800,1
207,16,1,2,14,0,3,2,1,1,0,0,800,1
215,16,0,2,17.2,0,3,2,0,0,1,0,1030,0
220,16,1,2,16.4,0,4,1,1,0,1,0,1430,0
224,16,0,2,17.6,0,4,2,1,0,1,0,1070,1
226,16,0,1,17.6,0,5,2,0,1,1,1,1420,0
228,16,1,1,13.3,1,1,1,1,1,0,0,800,0
229,16,0,2,13.5,1,3,2,1,0,0,1,800,1
230,16,0,2,18.4,0,5,1,1,0,1,0,1170,0
231,16,0,2,17.3,0,3,2,0,0,1,0,1490,1
232,16,1,1,17.6,0,4,2,0,1,0,1,1000,1
233,16,1,1,13.1,1,3,1,1,0,0,0,1000,1
234,16,0,2,18.9,0,3,2,1,1,0,0,900,1
235,16,0,2,15.9,0,5,2,0,0,0,1,800,1
241,16,0,1,13.1,1,1,1,1,0,1,0,870,0
250,16,1,1,12.6,1,3,2,0,0,0,1,800,0
251,16,0,2,15.8,0,4,1,0,1,1,1,1060,0
252,16,0,2,13.9,0,4,1,0,0,1,0,1450,1
253,16,0,1,18.1,0,4,2,0,1,0,1,1000,1
256,16,1,1,15.1,0,5,2,0,0,1,0,1160,0
260,16,0,2,16.9,0,5,1,1,1,0,0,900,1
261,16,1,1,18.5,0,4,2,0,0,0,0,900,0
263,16,1,1,13.1,1,3,1,1,1,0,1,900,1
264,16,0,1,13.2,1,4,3,0,1,1,0,1200,0
275,16,1,2,14.2,0,4,2,1,0,1,1,1140,1
276,16,0,1,12.3,1,3,2,1,0,0,1,900,0
284,16,1,1,16.6,0,4,1,0,0,1,1,1280,0
285,16,1,1,12.5,1,2,1,0,0,0,0,900,1
286,16,0,2,15.6,0,4,2,0,1,0,1,900,0
287,16,0,1,13.9,1,3,2,0,0,1,0,980,0
290,16,1,2,13,1,1,2,0,0,0,0,800,0
291,16,0,1,14,0,4,2,1,0,0,0,800,1
292,16,1,2,17.9,0,5,1,0,1,1,0,900,0
297,16,0,2,15.5,0,3,1,0,1,0,0,900,0
299,16,0,2,14.5,0,4,1,1,0,0,1,900,1
302,16,1,2,18.6,0,3,1,0,0,1,0,1000,1
305,16,1,1,18.4,0,4,1,1,0,0,0,900,0
306,16,1,1,13.5,1,4,2,0,1,0,1,1000,0
309,16,0,2,16.3,0,4,2,1,0,0,0,1000,0
312,16,0,1,14.7,0,5,1,0,1,0,0,1000,0
315,16,1,2,13.7,1,3,2,0,0,1,1,1060,0
317,16,1,1,18.9,0,4,2,1,1,0,1,800,0
319,16,0,1,18.1,0,4,2,1,1,0,1,1000,1
324,16,1,2,17.7,0,4,1,1,0,1,0,1140,1
325,16,1,1,12.4,1,1,3,1,1,1,0,1470,1
329,16,0,2,16.7,0,4,1,1,1,0,0,800,1
334,16,0,2,13.4,1,3,1,0,0,1,0,1030,0
335,16,1,1,17.5,0,4,1,1,1,0,0,1000,1
336,16,1,2,15.5,0,4,1,0,0,0,0,900,0
337,16,0,2,14.1,0,3,1,0,1,0,0,800,0
339,16,1,2,17.4,0,5,1,0,0,0,1,900,0
340,16,1,2,15.3,1,5,2,1,0,0,0,900,0
342,16,1,1,12.6,1,4,2,0,0,1,0,880,0
343,16,0,1,17.2,0,4,2,1,0,0,0,900,0
344,16,1,2,17.3,0,4,1,0,1,0,1,1000,0
345,16,0,2,18.6,0,3,2,1,0,1,1,1010,0
349,16,0,2,16.6,0,4,1,0,1,1,1,950,0
353,16,1,2,15.6,0,3,1,1,0,1,0,1400,0
354,16,1,2,18.9,0,3,1,1,1,1,1,1190,1
356,16,0,2,15.3,0,4,1,1,0,0,1,900,1
359,16,0,2,13.9,1,1,2,1,1,1,1,1000,1
368,16,0,1,13.3,1,3,2,0,1,1,0,1010,1
369,16,1,1,12,0,4,1,1,1,1,0,1010,1
374,16,1,2,18.2,0,5,2,0,0,1,0,910,0
375,16,1,1,12.7,1,3,2,0,0,0,1,800,0
378,16,0,2,17.8,0,4,2,1,1,0,1,1000,1
381,16,0,2,12.8,1,3,1,1,1,0,0,900,1
386,16,0,2,13.7,1,1,2,0,1,1,0,1470,0
389,16,0,2,16.7,0,5,1,0,0,1,1,1400,1
393,16,1,2,12.5,1,2,1,1,1,1,0,1210,0
394,16,0,2,13.4,0,1,2,0,1,1,0,880,1
398,16,1,1,15.2,0,4,1,1,0,0,0,1000,0
401,16,0,2,18.7,0,4,1,1,1,1,0,1000,1
402,16,1,1,14.2,0,5,2,1,0,1,0,880,1
405,16,1,2,18.2,0,3,2,1,1,1,0,1010,1
409,16,1,2,18.9,0,4,1,0,0,1,1,930,0
411,16,0,2,18.4,0,4,2,0,1,1,1,890,0
417,16,1,2,17.8,0,5,2,0,0,1,0,1240,0
419,16,1,1,12.3,1,3,2,0,1,0,0,800,0
421,16,1,1,16.5,0,5,1,0,1,1,0,890,1
430,16,0,1,15.3,0,4,1,0,1,0,1,900,0
432,16,1,2,12.5,1,3,2,1,1,1,1,960,1
435,16,0,1,17.8,0,5,1,0,1,0,0,800,1
436,16,1,1,16,0,5,1,1,0,0,0,800,0
442,16,1,1,18.8,0,3,1,1,0,0,0,800,0
443,16,0,2,16.2,0,3,2,1,0,1,0,1420,0
447,16,1,2,17,0,3,1,1,1,1,0,920,0
453,16,1,2,17.1,0,5,1,0,1,1,1,1370,1
457,16,0,1,15.2,0,4,2,1,0,1,1,1390,1
468,16,1,2,15.6,0,4,2,0,1,1,0,1460,0
469,16,1,1,16.2,0,4,1,1,1,0,0,900,1
470,16,0,1,17.7,0,4,1,1,0,0,0,1000,0
474,16,1,1,13,1,2,1,0,1,0,1,800,1
482,16,1,2,16.6,0,5,1,1,0,1,0,1140,0
484,16,1,2,18.2,0,4,2,0,1,0,0,800,0
491,16,0,2,18.7,0,4,1,1,1,1,0,1150,1
492,16,0,1,17.2,0,4,1,1,1,1,0,910,1
496,16,0,1,18.1,0,4,2,1,0,1,0,1160,1
500,16,1,2,16.7,0,4,2,1,0,0,0,1000,1
501,16,0,2,14,0,4,1,1,0,0,0,900,1
502,16,1,1,18,0,5,1,1,0,0,1,800,0
507,16,1,1,13.2,0,2,2,1,0,0,1,1000,1
508,16,0,2,14.1,1,4,1,1,0,1,0,1160,1
509,16,1,1,16.8,0,5,2,1,1,0,1,900,1
512,16,0,2,12.3,1,3,2,1,0,0,0,900,0
516,16,1,2,17.4,0,5,1,1,0,0,1,800,0
518,16,0,1,12.3,1,2,2,0,1,1,1,910,0
524,16,1,1,13.1,1,3,2,0,1,0,0,900,0
527,16,1,2,18.9,0,5,1,1,0,1,1,1100,0
529,16,0,2,17.9,0,3,1,0,1,1,1,1160,1
532,16,0,1,12.9,1,2,2,1,0,1,1,1160,0
536,16,0,2,12.7,1,2,2,0,1,0,1,1000,1
538,16,1,2,15.1,0,3,1,0,0,0,0,900,0
540,16,1,2,12.7,1,2,3,1,1,0,0,900,1
543,16,1,1,18.2,0,3,1,1,1,1,0,1240,1
547,16,0,1,18.1,0,4,2,1,1,1,0,1260,1
551,16,1,1,14.5,0,4,1,0,0,0,0,1000,0
556,16,0,1,18.4,0,4,2,0,0,0,1,1000,0
558,16,0,2,16.5,0,3,1,1,1,1,1,1040,1
562,16,0,1,13.8,1,3,1,0,1,0,0,800,0
566,16,0,2,12.4,1,1,3,0,0,1,0,1210,0
567,16,1,1,13.7,1,2,2,1,1,1,1,1500,1
568,16,0,1,12,0,2,2,1,1,1,1,1190,1
571,16,0,2,13.8,1,2,3,0,0,0,1,1000,0
572,16,1,2,18.2,0,3,1,1,1,1,0,1110,1
573,16,1,1,14.4,0,4,2,0,0,0,0,1000,0
575,16,1,2,18,0,3,1,1,1,0,0,900,1
576,16,1,1,15.7,0,4,1,1,1,1,0,1260,0
578,16,0,2,13.3,1,2,1,0,1,0,0,900,0
579,16,1,2,18.8,0,3,2,0,0,1,0,1090,1
580,16,0,2,17.9,0,3,1,0,0,0,1,1000,0
582,16,1,2,14.6,0,5,1,1,0,0,1,1000,1
583,16,1,1,16,0,4,1,0,1,0,0,800,0
584,16,0,1,18.1,0,5,1,0,0,0,0,900,0
585,16,0,1,13.6,1,2,2,1,1,0,1,900,1
588,16,0,1,18.4,0,4,2,1,0,0,0,1000,1
591,16,0,1,13.6,1,2,3,0,1,1,1,1230,1
592,16,0,1,14.2,0,4,1,0,0,0,1,900,0
593,16,0,1,17.5,0,4,2,0,0,0,0,900,1
595,16,0,2,16.2,0,4,1,0,0,0,0,900,0
596,16,1,2,13.6,0,2,2,0,1,1,1,1140,0
598,16,1,2,12.1,1,2,2,1,1,1,0,940,1
600,16,0,2,18.4,0,4,2,0,0,0,0,900,1
601,16,1,2,18.8,0,5,1,1,1,0,1,900,0
606,16,1,2,15.3,0,4,1,1,1,1,1,870,0
609,16,1,1,14.1,0,3,1,1,0,1,1,1250,0
611,16,1,1,18.1,0,3,2,0,0,0,1,1000,0
613,16,1,2,13.8,1,4,2,1,0,1,0,1450,0
617,16,0,2,16.1,0,4,1,1,1,0,1,1000,1
619,16,0,2,17.2,0,5,2,1,0,0,0,900,0
623,16,1,2,17.7,0,4,2,1,0,0,0,1000,0
627,16,0,1,18.2,0,5,1,1,1,0,1,800,1
628,16,1,1,18.7,0,4,1,1,1,1,1,1420,1
630,16,0,1,16.8,0,4,1,1,0,1,0,1390,0
632,16,0,2,17.6,0,4,1,0,1,1,1,870,0
633,16,1,1,14.8,0,3,1,1,0,0,1,800,0
634,16,0,1,14.7,0,5,1,0,0,0,0,800,0
635,16,1,2,17,0,5,1,1,0,1,0,1020,0
636,16,0,1,14.9,0,3,1,1,1,0,0,800,1
639,16,1,2,15.6,1,3,1,1,0,1,1,1180,0
641,16,0,1,12.4,1,3,2,1,1,1,0,1400,0
643,16,1,1,16.2,0,5,1,1,1,0,1,900,1
645,16,0,2,12.5,1,2,2,1,0,0,1,900,0
651,16,1,1,12.7,1,2,2,0,0,0,1,800,0
653,16,1,1,14.1,0,5,1,0,0,0,0,1000,0
654,16,0,2,18,1,3,1,1,1,1,1,1040,1
656,16,1,2,14.4,0,5,1,0,1,0,1,900,0
657,16,0,2,15.6,0,5,1,0,1,0,1,1000,1
660,16,0,1,18.5,0,4,1,0,0,1,0,910,0
662,16,1,2,12.6,0,2,3,0,1,0,1,1000,0
665,16,0,1,15.9,0,3,1,0,0,1,1,1120,0
671,16,1,1,17.9,0,5,1,0,0,1,0,1450,0
672,16,1,1,12.5,0,2,2,0,0,1,1,1440,0
674,16,1,1,16.7,0,3,1,1,0,0,0,800,0
676,16,1,2,12,1,3,3,0,0,1,0,1190,1
678,16,1,1,17.3,0,3,2,0,0,0,0,800,0
679,16,1,2,18,0,5,2,1,0,0,0,900,1
682,16,0,2,17.8,0,3,2,1,0,1,0,960,1
683,16,1,1,13.7,1,1,2,1,0,0,0,800,1
686,16,1,1,14.5,0,5,2,1,0,0,1,800,0
688,16,1,2,15.9,0,4,1,1,0,0,1,1000,0
691,16,0,2,16.8,0,4,1,0,1,1,1,1130,1
695,16,0,1,16.9,0,4,2,1,0,0,0,900,1
698,16,1,2,15.8,0,4,1,0,1,0,1,800,0
701,16,1,2,14.5,0,3,2,0,0,0,1,900,0
705,16,1,2,17.3,0,4,1,0,0,1,0,1240,0
706,16,0,2,17.6,0,5,1,0,1,1,0,1440,0
708,16,1,1,12.4,1,3,2,0,0,1,0,970,0
709,16,1,2,16.4,0,4,1,1,0,0,1,800,0
710,16,0,2,17.7,0,5,2,0,1,0,0,900,1
714,16,0,2,14.2,0,3,1,1,1,0,1,900,0
716,16,0,2,16.5,0,4,1,0,1,1,1,1000,0
718,16,0,1,12.5,0,3,1,1,1,1,0,1070,1
721,16,0,1,16,0,4,2,1,0,0,1,1000,0
726,16,1,1,16.8,0,4,1,0,1,0,0,1000,0
727,16,1,2,17.3,0,4,2,0,0,0,0,800,0
728,16,0,2,12.2,1,3,2,0,1,1,0,1000,0
729,16,1,2,15.7,0,4,1,0,1,0,0,800,1
731,16,0,1,18.1,0,4,1,1,0,1,1,1000,0
734,16,1,2,14.3,0,3,1,0,0,0,1,800,1
736,16,0,1,13.9,1,3,2,0,0,1,0,960,0
740,16,0,2,18,0,3,1,1,1,0,1,1000,0
742,16,1,1,14.3,0,4,2,0,0,0,0,1000,1
744,16,0,2,16.7,0,5,1,0,1,1,1,920,0
745,16,0,2,18.7,0,3,1,0,0,0,0,900,1
746,16,0,1,17.7,0,5,2,0,0,0,1,1000,0
747,16,0,2,14.3,0,4,2,0,1,1,0,890,0
749,16,1,1,12.1,1,3,2,1,1,1,1,1200,1
750,16,0,2,16.8,0,5,1,1,0,1,0,1460,0
756,16,1,2,13.8,1,3,2,1,1,1,0,1330,0
757,16,1,2,13.4,1,1,2,1,1,1,0,1200,1
760,16,1,1,17.3,0,5,2,0,1,0,1,1000,1
767,16,1,2,15.4,0,4,1,0,0,0,1,900,0
768,16,1,2,13.8,1,2,1,0,0,1,0,1040,0
769,16,0,1,12.2,1,2,1,0,1,1,0,1440,1
770,16,0,1,18.1,0,5,2,1,0,1,1,1400,0
773,16,1,2,13.7,1,3,2,1,1,0,1,1000,0
774,16,0,1,14.7,0,5,1,1,1,0,1,800,0
775,16,0,2,18.5,0,5,1,1,0,1,1,1200,0
783,16,1,1,18.8,0,4,1,0,0,1,0,1240,0
785,16,0,1,18.3,0,4,1,0,0,1,0,1160,0
786,16,1,1,14.4,0,4,1,0,1,1,0,1130,0
787,16,1,1,17.6,0,4,2,0,1,1,1,1350,1
789,16,0,2,17.4,0,4,2,0,0,0,0,1000,1
790,16,0,1,12.4,1,1,2,1,0,1,0,1360,0
791,16,1,2,16.3,0,4,2,1,0,1,1,1030,0
795,16,1,2,13.3,1,2,2,1,0,0,0,800,0
796,16,1,2,13.5,1,4,3,0,0,0,1,800,0
797,16,1,2,14.4,0,3,1,1,1,0,1,800,1
798,16,0,1,13.5,1,3,1,1,0,1,0,1270,0
799,16,0,1,18.5,0,3,1,0,0,0,1,800,0
801,16,1,2,13.2,1,4,2,1,1,1,0,1430,1
805,16,1,1,17.9,0,5,2,1,0,0,1,900,0
806,16,1,2,16.1,0,4,2,1,1,0,1,1000,1
807,16,0,2,15.5,0,4,1,0,0,0,1,900,1
812,16,1,1,12.8,1,3,2,0,1,1,1,1440,1
814,16,0,1,17.2,0,3,1,1,1,0,0,800,1
818,16,0,2,12.6,1,3,2,0,0,1,1,1370,0
819,16,0,2,13.5,0,2,2,1,1,0,1,800,1
820,16,1,2,13.6,0,3,1,1,1,0,1,900,1
822,16,0,2,18.9,0,3,1,1,0,1,1,1360,0
824,16,1,2,12,1,1,1,1,1,0,0,1000,0
827,16,1,1,18.6,0,4,1,1,1,1,1,1040,1
836,16,1,1,12.4,1,4,2,1,0,0,1,800,0
838,16,0,1,18.5,0,5,1,1,0,0,1,1000,1
842,16,1,1,17.3,0,4,2,1,0,1,0,1030,0
844,16,0,2,15.9,0,5,2,1,1,0,0,800,1
845,16,0,2,16.5,0,3,1,0,1,1,0,1070,0
846,16,0,1,13.1,1,2,2,0,0,1,0,990,0
849,16,1,2,16.9,0,4,1,1,1,1,1,1360,1
850,16,0,2,15.6,0,5,2,0,1,1,0,1100,0
855,16,1,2,12.7,1,3,1,0,1,1,1,890,0
857,16,0,2,17.8,0,3,1,0,1,1,0,1150,0
858,16,0,1,14.4,0,3,2,1,1,0,1,900,1
861,16,0,1,18.3,0,3,2,0,1,0,0,900,0
863,16,1,2,15.4,0,4,2,0,1,1,1,1230,1
864,16,1,2,12.1,1,3,2,0,0,0,0,1000,1
866,16,0,2,14,0,3,1,0,0,0,0,800,0
870,16,1,2,13,1,2,2,1,1,0,1,800,1
871,16,0,2,18.1,0,5,2,1,0,1,1,1130,0
872,16,1,1,15.2,0,3,2,1,0,0,0,900,1
874,16,0,2,17.8,0,3,1,1,1,1,0,1360,1
876,16,1,1,17.5,0,5,2,1,0,1,1,930,0
877,16,0,1,15.2,0,4,1,1,1,1,1,860,1
884,16,0,2,12.6,1,2,2,1,0,1,0,1400,0
894,16,0,1,13.3,1,3,1,1,0,1,0,1370,1
895,16,1,1,14.8,0,4,1,1,0,0,1,1000,1
902,16,0,1,13.3,1,2,3,0,1,1,1,1170,0
903,16,1,2,17.6,0,4,2,0,0,0,0,800,0
905,16,1,1,17.2,0,4,2,1,0,0,1,800,1
906,16,1,1,17.4,0,4,2,1,0,0,1,900,0
907,16,1,1,15.9,0,5,1,0,1,0,0,1000,1
908,16,1,1,12.9,1,3,1,1,0,0,0,900,0
910,16,1,1,12.1,1,2,2,0,1,1,1,890,0
911,16,1,1,16.4,0,5,1,1,1,1,0,960,0
913,16,1,1,16.9,0,4,1,1,1,1,1,1350,1
916,16,0,1,17.6,0,3,1,0,1,1,0,1250,0
918,16,0,1,17.4,0,4,1,1,1,0,0,900,1
919,16,0,1,18.3,0,4,1,1,0,0,0,1000,0
922,16,1,1,16.5,0,4,2,1,0,0,1,800,0
924,16,0,2,15.3,0,4,1,1,0,1,1,1180,0
925,16,0,1,13.1,1,2,2,0,0,1,0,1400,0
930,16,0,1,18.3,0,5,1,1,1,0,0,800,0
931,16,1,1,17.4,0,5,1,0,1,0,1,800,0
932,16,1,2,16.5,0,3,1,1,0,0,1,800,0
934,16,0,2,18,0,5,1,1,1,1,1,1290,1
935,16,1,1,18.5,0,4,1,0,0,0,0,900,0
939,16,1,2,15.7,0,4,1,1,0,1,0,1090,0
941,16,1,1,12.4,1,3,2,1,0,0,0,800,0
942,16,1,2,18.5,0,5,1,0,0,0,0,900,0
943,16,0,2,14.6,0,3,2,1,0,0,0,1000,0
944,16,0,1,14.5,0,4,2,0,1,1,0,1480,0
945,16,0,1,15.6,0,4,1,1,0,0,1,800,1
946,16,1,2,17.8,0,5,2,0,1,1,1,1210,0
948,16,0,1,14.4,0,3,1,1,0,0,1,1000,0
950,16,0,2,17.5,0,3,2,0,0,1,0,1350,0
952,16,0,1,12,1,3,2,1,1,1,0,900,1
954,16,0,1,13.5,0,2,1,0,0,1,1,1090,0
958,16,1,2,12.9,1,1,1,1,1,1,1,1280,1
959,16,0,2,16.4,0,5,2,0,1,1,1,1190,0
961,16,0,1,13.5,1,3,2,1,0,0,1,1000,0
962,16,1,1,18.4,0,5,1,0,0,0,1,900,0
963,16,1,1,15.6,0,4,1,0,1,1,0,1230,1
967,16,0,1,14.2,0,5,2,1,1,1,1,1130,1
968,16,1,1,13.4,1,2,2,1,0,1,1,1310,1
969,16,0,1,12.6,1,1,1,0,1,1,0,1020,0
970,16,0,2,12.4,1,3,1,1,1,0,0,1000,1
973,16,1,2,17.6,0,3,1,1,0,0,0,1000,0
976,16,0,1,18.1,0,5,1,0,1,1,0,1100,1
980,16,0,2,12.3,1,3,2,1,0,0,0,1000,1
987,16,0,2,14.2,0,5,1,0,1,1,1,940,0
991,16,0,2,14.3,0,3,1,1,1,1,1,1090,1
993,16,1,1,15,0,4,1,1,1,1,0,1470,0
994,16,1,2,12.4,1,4,2,1,1,1,1,1070,1
995,16,0,1,18,0,5,1,0,1,0,0,900,1
997,16,0,2,15.1,0,5,1,1,0,0,0,900,1
999,16,1,2,16.3,0,5,1,1,0,0,1,900,0
1001,16,1,1,17.8,0,3,1,1,0,1,1,1230,0
1003,16,1,2,12.3,1,2,3,1,0,1,1,860,0
1010,16,1,1,14.2,1,5,1,1,1,0,0,800,1
1016,16,0,1,15.1,0,4,2,1,0,0,0,800,1
1017,16,0,2,12.1,0,1,2,0,1,1,0,1060,1
1019,16,0,2,14.9,0,5,1,0,0,1,1,950,0
1021,16,1,1,13.4,1,3,1,1,1,0,0,1000,1
1022,16,1,1,15.2,0,5,1,0,1,1,0,1190,0
1023,16,0,1,14.2,1,3,1,0,1,1,0,1310,1
1025,16,1,2,17.9,0,3,2,1,1,0,0,900,1
1026,16,0,1,18.4,0,5,1,0,0,1,1,1490,0
1029,16,0,2,17.1,0,4,2,0,1,1,0,1090,0
1030,16,0,1,14.6,0,3,2,0,0,1,0,1340,0
1031,16,1,1,16.2,0,4,2,1,0,1,1,1440,0
1032,16,0,1,18,0,4,2,0,0,1,0,1230,1
1033,16,1,2,15,0,4,1,0,1,0,0,900,0
1036,16,1,2,16.7,0,3,2,0,1,0,0,1000,1
1040,16,0,2,14.9,0,5,1,0,0,0,0,800,0
1043,16,0,1,16.2,0,4,1,0,0,0,1,900,0
1044,16,0,2,13.3,0,2,1,0,1,1,0,880,0
1049,16,0,1,12.9,1,4,2,1,0,0,1,900,1
1051,16,1,2,13.2,1,1,2,1,1,1,1,1150,1
1053,16,0,1,17.2,0,3,1,1,0,0,0,1000,1
1054,16,1,1,13,1,1,1,1,1,1,0,1360,1
1058,16,0,2,16.7,0,3,2,0,1,0,1,900,0
1059,16,1,2,13,1,2,1,0,0,1,1,1290,0
1063,16,1,2,12.2,1,2,1,0,0,1,1,1310,0
1065,16,0,1,15.1,0,4,1,0,0,0,0,1000,0
1068,16,0,2,13.3,1,2,2,1,1,0,1,1000,1
1074,16,0,1,14.2,0,3,2,0,1,0,0,800,0
1075,16,0,2,12.9,1,2,3,0,0,0,0,1000,0
1076,16,1,1,13.1,1,1,2,0,1,0,0,800,0
1077,16,1,1,18.5,0,4,1,1,0,0,1,800,1
1078,16,0,2,13.8,1,3,1,1,1,0,0,800,0
1082,16,1,2,17.9,0,4,1,1,1,1,1,1030,1
1087,16,0,1,18.6,0,4,1,1,1,0,1,1000,0
1089,16,0,2,14.9,0,4,1,1,1,0,0,900,1
1090,16,0,2,17.9,0,5,2,0,0,1,0,1160,0
1093,16,0,2,17,0,4,1,0,1,1,1,1210,0
1095,16,1,2,18.1,0,5,2,0,1,0,0,1000,0
1096,16,1,1,18.6,0,3,1,1,1,1,1,1140,0
1099,16,1,1,14.8,0,3,2,0,0,0,0,900,0
1100,16,1,1,14.4,0,4,2,1,0,0,1,800,1
1105,16,0,1,13,1,3,1,1,0,1,1,950,0
1106,16,0,1,14.3,0,5,2,0,0,1,0,980,0
1112,16,0,1,17.7,0,4,1,0,0,1,1,1220,0
1114,16,0,2,12.4,1,3,2,0,0,1,1,1470,0
1115,16,0,2,13.7,1,3,3,0,0,0,0,1000,0
1117,16,1,2,18.5,0,4,1,1,0,0,0,800,1
1118,16,1,2,13.2,1,3,2,1,1,1,0,880,1
1122,16,1,2,16.7,0,4,2,0,1,0,0,1000,1
1131,16,1,1,15.9,0,5,1,0,1,1,1,910,0
1133,16,0,2,18.3,0,4,2,1,1,0,1,1000,1
1135,16,1,2,16.2,0,5,1,0,1,0,1,900,1
1136,16,1,2,13.9,1,3,1,0,1,1,0,1210,0
1139,16,1,2,15.3,0,5,1,1,1,1,0,1000,1
1144,16,1,2,13.9,1,1,1,1,0,0,0,1000,0
1145,16,1,2,16.9,0,4,1,1,0,1,1,1390,0
1146,16,0,1,13.7,1,4,2,0,1,0,0,900,0
1150,16,0,1,15.6,0,5,2,0,0,1,1,1270,0
1155,16,0,2,12.6,1,2,2,0,1,0,0,1000,1
1158,16,1,1,14.3,0,4,2,1,1,1,1,1050,1
1161,16,1,2,12.3,1,3,2,1,0,1,0,880,0
1166,16,0,2,17.4,0,4,1,0,1,1,1,1390,0
1171,16,1,1,14.7,0,4,1,1,0,0,0,1000,1
1173,16,0,1,14.3,0,4,1,1,0,1,1,1350,1
1175,16,1,1,15.1,0,3,1,0,1,1,0,1170,0
1176,16,1,2,14.4,0,3,2,0,0,0,0,900,0
1188,16,0,1,14.7,0,4,1,1,1,0,0,1000,1
1189,16,0,2,13.3,1,4,3,0,0,0,0,1000,0
1191,16,1,2,19,0,4,1,0,0,0,0,1000,0
1192,16,0,2,13.7,1,1,2,1,0,0,0,1000,0
1196,16,1,2,17.9,0,4,2,1,0,0,1,900,1
1197,16,0,1,17.8,0,4,2,0,1,0,0,900,1
1201,16,0,1,15,0,3,1,0,0,1,1,910,0
1202,16,0,2,16,0,5,2,1,0,1,1,880,1
1206,16,1,2,18.7,0,3,1,0,1,1,0,1140,0
1210,16,0,2,16.8,0,3,2,0,0,1,1,870,0
1215,16,1,1,16.9,0,4,1,0,1,0,1,1000,0
1217,16,1,2,15.7,0,3,2,1,1,1,1,1430,1
1219,16,0,1,17.7,0,5,1,1,1,1,1,1420,1
1220,16,0,1,15.6,0,5,2,0,0,0,1,900,0
1226,16,1,1,17.5,0,5,1,1,1,1,1,1410,1
1227,16,0,2,12.7,1,2,1,0,0,0,1,1000,0
1230,16,0,2,15,0,4,1,0,1,0,0,800,1
1231,16,1,1,15.5,0,5,1,0,0,0,0,1000,0
1237,16,1,2,15.8,0,4,1,1,0,1,1,1360,0
1244,16,0,1,13,1,3,2,0,0,0,0,800,0
1245,16,1,2,15.3,0,4,2,0,0,0,1,1000,0
1246,16,0,1,14.8,0,4,2,1,0,1,0,950,1
1248,16,0,2,12.8,1,3,1,0,1,1,0,1070,0
1249,16,1,2,13.8,1,4,2,1,1,0,0,1000,1
1251,16,1,2,14,0,5,2,1,1,1,1,1080,1
1253,16,1,1,16.8,0,4,2,0,0,1,0,1480,0
1254,16,0,1,17.6,0,5,2,1,1,1,1,990,0
1260,16,0,1,14.2,0,3,2,1,0,0,1,900,1
1261,16,0,2,17.5,0,3,1,0,1,0,1,800,0
1265,16,1,1,15.2,0,5,2,1,1,0,0,800,1
1266,16,0,1,16.5,0,4,1,1,0,0,1,900,0
1270,16,0,1,18.7,0,4,1,0,1,0,0,800,0
1272,16,1,1,14.5,0,4,2,0,0,1,1,1110,0
1281,16,1,2,18.9,0,3,1,1,1,0,1,1000,1
1282,16,1,2,16.2,1,5,2,1,0,0,1,800,1
1283,16,0,2,14,0,3,1,0,1,0,0,900,0
1284,16,1,2,12.5,1,2,3,0,1,0,1,900,0
1286,16,1,1,15.3,0,3,2,0,1,0,0,1000,0
1289,16,0,2,16.7,0,4,2,0,0,0,1,1000,0
1295,16,1,1,16.2,0,5,1,1,0,1,0,1430,1
1297,16,1,2,12.5,1,3,1,1,0,0,1,1000,0
1300,16,1,1,18.9,0,4,2,1,1,1,1,960,0
1304,16,0,1,12.5,1,3,2,1,1,0,1,1000,1
1310,16,0,2,18.7,0,5,1,1,1,1,1,1370,1
1311,16,0,2,15.2,0,5,1,1,1,0,0,900,1
1315,16,1,2,12.5,1,2,3,0,1,0,1,900,0
1316,16,1,2,17.3,0,4,1,1,0,0,1,900,0
1318,16,1,2,17.3,0,4,1,0,0,0,1,900,0
1320,16,0,1,15.2,0,5,2,1,0,0,0,900,1
1321,16,1,2,13.8,1,3,3,1,0,1,1,1060,0
1322,16,1,1,17.6,0,5,2,1,1,0,1,900,1
1326,16,1,2,17.6,0,5,2,1,0,1,0,1040,1
1329,16,1,1,16.6,0,3,1,0,0,1,0,1080,1
1334,16,0,2,18.6,0,5,2,1,1,0,1,900,1
1335,16,0,1,15.8,0,4,1,1,1,1,1,1030,1
1337,16,1,2,18.6,0,4,2,1,0,0,0,1000,1
1339,16,1,1,15.2,0,4,1,0,0,1,1,1150,0
1344,16,1,2,18.9,0,4,1,1,1,0,0,1000,0
1352,16,1,2,16.5,0,4,1,1,1,0,1,900,1
1355,16,1,1,17.7,0,5,1,1,0,1,0,1070,0
1358,16,1,2,16.3,0,5,1,0,1,1,0,870,0
1361,16,0,1,17.5,0,4,2,1,0,1,1,1370,0
1365,16,0,2,13.7,1,3,2,1,1,1,1,1120,1
1367,16,1,2,18.6,1,5,1,1,0,1,1,1460,0
1370,16,1,1,17.5,0,5,1,1,1,0,1,1000,1
1377,16,1,2,18.4,0,3,1,1,1,0,0,1000,1
1380,16,1,2,13.8,1,1,1,0,1,0,1,800,1
1382,16,0,2,12.8,1,3,2,0,0,0,0,1000,0
1383,16,1,1,14.8,0,3,2,0,0,0,1,1000,0
1400,16,0,1,14,0,4,1,0,0,0,1,800,0
1403,16,0,2,12.4,1,1,1,1,1,1,0,860,1
1409,16,0,1,13.9,0,3,2,0,1,0,1,900,0
1413,16,0,2,18.7,0,4,1,0,0,0,0,1000,0
1417,16,0,2,15,0,3,1,1,1,0,0,1000,1
1418,16,0,2,13.3,1,3,2,0,0,0,0,800,1
1420,16,1,1,16.9,0,4,1,0,1,1,0,910,0
1424,16,1,2,17.7,0,3,1,0,1,0,0,900,1
1425,16,1,1,12,0,2,2,0,1,1,0,1040,1
1427,16,1,2,18.3,0,5,2,0,1,0,1,800,0
1429,16,1,1,16,0,5,1,1,1,1,1,1000,1
1430,16,0,2,17.7,0,3,2,1,1,1,0,1420,1
1432,16,1,1,13.8,1,2,2,0,0,0,0,900,0
1433,16,1,1,18.6,0,5,1,0,0,0,0,1000,0
1434,16,1,2,14.9,0,4,1,1,1,0,1,800,0
1440,16,0,2,16.3,0,3,1,0,1,0,0,800,0
1442,16,1,1,16,0,5,1,1,0,0,1,900,0
1444,16,0,1,13.2,1,3,1,0,0,0,1,800,0
1449,16,1,1,14.7,0,3,2,0,0,1,0,990,1
1452,16,1,1,17.2,0,5,1,0,1,0,0,800,0
1454,16,1,1,15,0,4,1,1,1,0,0,1000,1
1455,16,0,2,12.6,1,1,1,0,1,0,1,900,1
1459,16,1,1,13.5,1,2,2,0,1,0,1,900,0
1462,16,0,1,12.5,1,3,2,1,0,1,0,1290,0
1463,16,0,1,16.5,0,3,1,1,0,0,1,900,0
1466,16,1,2,12.7,1,2,2,0,0,1,1,1020,1
1468,16,1,1,15.7,0,4,1,1,1,0,0,900,0
1470,16,0,1,13,1,3,3,1,1,0,0,800,1
1473,16,1,2,15.9,0,5,2,1,0,1,0,1350,0
1478,16,0,2,17.5,0,4,1,1,1,1,0,860,1
1480,16,0,1,18.4,0,4,1,0,0,0,1,1000,0
1481,16,1,1,16.5,0,3,1,0,0,0,1,1000,0
1482,16,1,2,16.6,0,5,1,1,1,0,1,1000,0
1492,16,0,1,15.1,0,5,1,1,0,0,0,800,1
1494,16,1,2,15.2,0,5,2,1,0,1,0,1290,1
1496,16,1,2,16.1,0,3,1,0,1,1,0,1360,1
1497,16,0,2,17.1,0,4,1,0,0,0,1,1000,0
